Media,Tweet,Date & Time (UTC),Compound Score,Positive Score,Negative Score,Neutral Score,Tweets Ago
@BBCWorld,Minnesota town alerts residents over 'tipsy' birds https://t.co/wiRkFLFnef,Thu Oct 04 16:07:21 +0000 2018,0.0,0.0,0.0,1.0,1
@BBCWorld,"Staff working to keep Palu's airport open after Indonesia earthquake

[Tap to expand]

https://t.co/vcJMb3dkLR https://t.co/K4FvOzvcr8",Thu Oct 04 15:51:25 +0000 2018,0.0,0.0,0.0,1.0,2
@BBCWorld,"Senators spar over FBI report on Kavanaugh 

https://t.co/YmCqFgLyIA https://t.co/Rq0OIGBLjf",Thu Oct 04 15:47:34 +0000 2018,0.0,0.0,0.0,1.0,3
@BBCWorld,Archibald Knox exhibition: Liberty designer's 'sheer genius' celebrated https://t.co/aY3INXmfzo,Thu Oct 04 15:32:53 +0000 2018,0.7964,0.504,0.0,0.496,4
@BBCWorld,"""Without zoos nature will be doomed"" - @NatGeo photographer Joel Sartore responds to those who say keeping animals… https://t.co/u8tmQe8XiP",Thu Oct 04 15:03:11 +0000 2018,-0.6369,0.0,0.198,0.802,5
@BBCWorld,RT @BBCTech: Fitbit data used to charge US man with murder https://t.co/lMl2Q36Dcu,Thu Oct 04 15:01:34 +0000 2018,-0.6908,0.0,0.299,0.701,6
@BBCWorld,RT @bbcworldservice: The first 'exomoon' (that's a moon outside our Solar System for non-space experts) may have been found. Here's @david_…,Thu Oct 04 14:37:12 +0000 2018,0.0,0.0,0.0,1.0,7
@BBCWorld,"Julia Roberts: If Brett Kavanaugh gets on to the Supreme Court it ""will affect our children and our children's chil… https://t.co/ZvXI2T7Gp8",Thu Oct 04 14:33:59 +0000 2018,0.5574,0.153,0.0,0.847,8
@BBCWorld,Drew Barrymore: 'Surreal' article defended by EgyptAir https://t.co/weLSVAZGyd,Thu Oct 04 14:25:09 +0000 2018,0.0,0.0,0.0,1.0,9
@BBCWorld,How credible are lie detector tests? https://t.co/0MvQtC3LaM,Thu Oct 04 14:12:06 +0000 2018,0.0,0.0,0.0,1.0,10
@BBCWorld,"The staff working tirelessly to keep Palu's barely functional airport open, following the city's deadly earthquake… https://t.co/Vxd1Iu4d3B",Thu Oct 04 14:02:04 +0000 2018,0.0,0.0,0.0,1.0,11
@BBCWorld,"""Russia decided that it was fair game to flood the social and traditional media with the private medical informatio… https://t.co/ZdwDX9uqKn",Thu Oct 04 13:58:59 +0000 2018,0.3182,0.108,0.0,0.892,12
@BBCWorld,RT @BBCBreaking: US charges seven Russian military agents linked to global cyber hack of doping and other agencies https://t.co/Kki9xU6EUd,Thu Oct 04 13:45:40 +0000 2018,-0.2732,0.0,0.104,0.896,13
@BBCWorld,Cristiano Ronaldo: Juventus forward not in Portugal squad to face Scotland &amp; Poland https://t.co/j1fjXETfKA,Thu Oct 04 12:52:42 +0000 2018,0.0,0.0,0.0,1.0,14
@BBCWorld,Uganda army launches Ulinzi condom brand https://t.co/vHG8ua72Qn,Thu Oct 04 12:43:05 +0000 2018,0.0,0.0,0.0,1.0,15
@BBCWorld,The curious tale of a ladies hairdresser and the 'blast-proof' material https://t.co/GoIL2rG1x6 (via @BBC_Future) https://t.co/LYkTJdzNkP,Thu Oct 04 12:36:57 +0000 2018,0.3182,0.15,0.0,0.85,16
@BBCWorld,What we know about Russian 'OPCW plot' https://t.co/QZwYgk5mDB,Thu Oct 04 12:33:10 +0000 2018,0.0,0.0,0.0,1.0,17
@BBCWorld,Mystery over missing Saudi journalist Jamal Khashoggi deepens https://t.co/JA3WuiXU2I,Thu Oct 04 12:12:18 +0000 2018,-0.296,0.0,0.216,0.784,18
@BBCWorld,India under fire as it deports Rohingya Muslims to Myanmar https://t.co/NrX8kOOOP7,Thu Oct 04 12:01:37 +0000 2018,-0.34,0.0,0.194,0.806,19
@BBCWorld,Italian 'Robin Hood' banker sentenced over €1m pilfered for the poor https://t.co/DXCBcX8y6k,Thu Oct 04 11:13:25 +0000 2018,-0.4939,0.0,0.296,0.704,20
@BBCWorld,Minnesota town alerts residents over 'tipsy' birds https://t.co/wiRkFLFnef,Thu Oct 04 16:07:21 +0000 2018,0.0,0.0,0.0,1.0,21
@BBCWorld,"Staff working to keep Palu's airport open after Indonesia earthquake

[Tap to expand]

https://t.co/vcJMb3dkLR https://t.co/K4FvOzvcr8",Thu Oct 04 15:51:25 +0000 2018,0.0,0.0,0.0,1.0,22
@BBCWorld,"Senators spar over FBI report on Kavanaugh 

https://t.co/YmCqFgLyIA https://t.co/Rq0OIGBLjf",Thu Oct 04 15:47:34 +0000 2018,0.0,0.0,0.0,1.0,23
@BBCWorld,Archibald Knox exhibition: Liberty designer's 'sheer genius' celebrated https://t.co/aY3INXmfzo,Thu Oct 04 15:32:53 +0000 2018,0.7964,0.504,0.0,0.496,24
@BBCWorld,"""Without zoos nature will be doomed"" - @NatGeo photographer Joel Sartore responds to those who say keeping animals… https://t.co/u8tmQe8XiP",Thu Oct 04 15:03:11 +0000 2018,-0.6369,0.0,0.198,0.802,25
@BBCWorld,RT @BBCTech: Fitbit data used to charge US man with murder https://t.co/lMl2Q36Dcu,Thu Oct 04 15:01:34 +0000 2018,-0.6908,0.0,0.299,0.701,26
@BBCWorld,RT @bbcworldservice: The first 'exomoon' (that's a moon outside our Solar System for non-space experts) may have been found. Here's @david_…,Thu Oct 04 14:37:12 +0000 2018,0.0,0.0,0.0,1.0,27
@BBCWorld,"Julia Roberts: If Brett Kavanaugh gets on to the Supreme Court it ""will affect our children and our children's chil… https://t.co/ZvXI2T7Gp8",Thu Oct 04 14:33:59 +0000 2018,0.5574,0.153,0.0,0.847,28
@BBCWorld,Drew Barrymore: 'Surreal' article defended by EgyptAir https://t.co/weLSVAZGyd,Thu Oct 04 14:25:09 +0000 2018,0.0,0.0,0.0,1.0,29
@BBCWorld,How credible are lie detector tests? https://t.co/0MvQtC3LaM,Thu Oct 04 14:12:06 +0000 2018,0.0,0.0,0.0,1.0,30
@BBCWorld,"The staff working tirelessly to keep Palu's barely functional airport open, following the city's deadly earthquake… https://t.co/Vxd1Iu4d3B",Thu Oct 04 14:02:04 +0000 2018,0.0,0.0,0.0,1.0,31
@BBCWorld,"""Russia decided that it was fair game to flood the social and traditional media with the private medical informatio… https://t.co/ZdwDX9uqKn",Thu Oct 04 13:58:59 +0000 2018,0.3182,0.108,0.0,0.892,32
@BBCWorld,RT @BBCBreaking: US charges seven Russian military agents linked to global cyber hack of doping and other agencies https://t.co/Kki9xU6EUd,Thu Oct 04 13:45:40 +0000 2018,-0.2732,0.0,0.104,0.896,33
@BBCWorld,Cristiano Ronaldo: Juventus forward not in Portugal squad to face Scotland &amp; Poland https://t.co/j1fjXETfKA,Thu Oct 04 12:52:42 +0000 2018,0.0,0.0,0.0,1.0,34
@BBCWorld,Uganda army launches Ulinzi condom brand https://t.co/vHG8ua72Qn,Thu Oct 04 12:43:05 +0000 2018,0.0,0.0,0.0,1.0,35
@BBCWorld,The curious tale of a ladies hairdresser and the 'blast-proof' material https://t.co/GoIL2rG1x6 (via @BBC_Future) https://t.co/LYkTJdzNkP,Thu Oct 04 12:36:57 +0000 2018,0.3182,0.15,0.0,0.85,36
@BBCWorld,What we know about Russian 'OPCW plot' https://t.co/QZwYgk5mDB,Thu Oct 04 12:33:10 +0000 2018,0.0,0.0,0.0,1.0,37
@BBCWorld,Mystery over missing Saudi journalist Jamal Khashoggi deepens https://t.co/JA3WuiXU2I,Thu Oct 04 12:12:18 +0000 2018,-0.296,0.0,0.216,0.784,38
@BBCWorld,India under fire as it deports Rohingya Muslims to Myanmar https://t.co/NrX8kOOOP7,Thu Oct 04 12:01:37 +0000 2018,-0.34,0.0,0.194,0.806,39
@BBCWorld,Italian 'Robin Hood' banker sentenced over €1m pilfered for the poor https://t.co/DXCBcX8y6k,Thu Oct 04 11:13:25 +0000 2018,-0.4939,0.0,0.296,0.704,40
@BBCWorld,RT @gordoncorera: Breaking - Dutch intelligence (with help of British) disrupted a Russian GRU cyber operation targeting OPCW on April 13th…,Thu Oct 04 10:34:07 +0000 2018,0.7003,0.254,0.0,0.746,41
@BBCWorld,RT @BBCNews: Could AI and high-tech cameras help spot and prevent acts of violence? https://t.co/rA2sRYUtom,Thu Oct 04 10:13:30 +0000 2018,-0.3182,0.191,0.206,0.603,42
@BBCWorld,RT @BBCBreaking: Dutch security services expelled four Russians in April over plot targeting chemical weapons watchdog - officials https://…,Thu Oct 04 10:10:03 +0000 2018,-0.3612,0.108,0.22,0.673,43
@BBCWorld,Kanye West (Ye?) urges NFL player Colin Kaepernick to meet with Donald Trump https://t.co/FGvAIsrN7d,Thu Oct 04 10:04:07 +0000 2018,0.0,0.0,0.0,1.0,44
@BBCWorld,"RT @BBCNews: Sir David Attenborough: 'Population growth has to come to an end'

https://t.co/77GlU6hRg2 https://t.co/vvRAgVlwuj",Thu Oct 04 09:47:19 +0000 2018,0.3818,0.157,0.0,0.843,45
@BBCWorld,"Could this squat be a moment that sparks change? 

Donte Palmer was pictured changing his son's nappy on his lap be… https://t.co/O9HaUaxqAX",Thu Oct 04 09:40:45 +0000 2018,0.0,0.0,0.0,1.0,46
@BBCWorld,Dublin City Council planned to house on a 'cruise ship' https://t.co/9Dr2YHnaAk,Thu Oct 04 09:36:08 +0000 2018,0.0,0.0,0.0,1.0,47
@BBCWorld,RT @bbcworldservice: The beach from The Beach is now closed indefinitely.  @Prof_CallumYork explains why. https://t.co/f0Z0JSrFwC https://t…,Thu Oct 04 09:27:35 +0000 2018,0.0,0.0,0.0,1.0,48
@BBCWorld,Kim Kardashian bodyguard sued for $6.1m over Paris robbery https://t.co/w992Auinp7,Thu Oct 04 09:21:36 +0000 2018,0.0,0.0,0.0,1.0,49
@BBCWorld,Wife of former Malaysian PM Najib charged with money laundering https://t.co/zmZNdvgpUd,Thu Oct 04 07:14:01 +0000 2018,-0.2023,0.0,0.153,0.847,50
@BBCWorld,MTK Global's Irish boxers not competing in Ireland https://t.co/ulMjI84was,Thu Oct 04 05:36:49 +0000 2018,0.0,0.0,0.0,1.0,51
@BBCWorld,Economy to grow slowly but 'avoid recession' https://t.co/FqaXOj0yAv,Thu Oct 04 05:29:13 +0000 2018,-0.7579,0.0,0.52,0.48,52
@BBCWorld,Irish anti-abortion doctors in conscientious objection row https://t.co/DeztZ8T4SW,Thu Oct 04 05:06:04 +0000 2018,0.0,0.0,0.0,1.0,53
@BBCWorld,Brett Kavanaugh: Senate to get FBI report within hours https://t.co/PC8vzEsa2l,Thu Oct 04 04:46:51 +0000 2018,0.0,0.0,0.0,1.0,54
@BBCWorld,Six rescue divers drown trying to save teen in Malaysia https://t.co/jMjB6lSrhZ,Thu Oct 04 04:42:56 +0000 2018,0.4215,0.357,0.203,0.44,55
@BBCWorld,"This veteran Nat Geo photographer believes zoos are needed for conservation.

[Tap to expand]… https://t.co/b57Mz5UyLZ",Thu Oct 04 03:19:20 +0000 2018,0.0,0.0,0.0,1.0,56
@BBCWorld,Priyanka Chopra invests in dating app Bumble https://t.co/luGLJgHFRA,Thu Oct 04 02:57:48 +0000 2018,0.0,0.0,0.0,1.0,57
@BBCWorld,United Airlines flight lands safely after mayday call https://t.co/UkKWkYHvYw,Thu Oct 04 00:45:56 +0000 2018,0.7184,0.462,0.0,0.538,58
@BBCWorld,Cameroon's Anglophone crisis: Red Dragons and Tigers - the rebels fighting for independence https://t.co/AiG04XAmub,Thu Oct 04 00:37:41 +0000 2018,-0.8126,0.0,0.457,0.543,59
@BBCWorld,The Indian state where police kill with impunity https://t.co/LG0okXcqHi,Thu Oct 04 00:30:17 +0000 2018,-0.6908,0.0,0.37,0.63,60
@BBCWorld,"South Carolina: Five police officers shot, suspect in custody https://t.co/ZIYyEoDuu2",Wed Oct 03 23:47:26 +0000 2018,-0.296,0.0,0.196,0.804,61
@BBCWorld,US to end Treaty of Amity with Iran after ICJ ruling https://t.co/R2cB697pXy,Wed Oct 03 23:28:45 +0000 2018,0.0,0.0,0.0,1.0,62
@BBCWorld,Brett Kavanaugh accusations: Are young men in America scared? https://t.co/DRFQ4ZqNYp,Wed Oct 03 22:45:11 +0000 2018,-0.6369,0.0,0.394,0.606,63
@BBCWorld,"RT @BBCSport: Lionel Messi was sensational as Barcelona beat Spurs in a thrilling game at Wembley.

https://t.co/OanJjT2omx https://t.co/y2…",Wed Oct 03 21:49:08 +0000 2018,0.4767,0.162,0.0,0.838,64
@BBCWorld,"Three things you need to know about the #presidentialalert system 

(Tap video to expand) https://t.co/u26NRuLfbH https://t.co/TuDNEZzDPb",Wed Oct 03 21:35:01 +0000 2018,0.0,0.0,0.0,1.0,65
@BBCWorld,"RT @BBCSport: FT: Spurs 2-4 Barcelona
Napoli 1-0 Liverpool 

A miserable night for English teams in the Champions League.

Reaction: https:…",Wed Oct 03 20:55:23 +0000 2018,0.0516,0.138,0.13,0.732,66
@BBCWorld,"RT @BBCNewsnight: ""My suspicion is that people will realise that the United States’ attitude is outdated.""

Sir David Attenborough says he…",Wed Oct 03 20:33:36 +0000 2018,0.0516,0.115,0.107,0.779,67
@BBCWorld,Pentagon quarantine 'sparked by castor seeds' not ricin poison https://t.co/PMfYqaAMhC,Wed Oct 03 20:01:21 +0000 2018,0.431,0.241,0.0,0.759,68
@BBCWorld,Guitar-playing politician @BetoORourke is dazzling Democrats in Texas #2018midterms https://t.co/qoURCMXAnY https://t.co/tWRdNgqM3w,Wed Oct 03 19:53:34 +0000 2018,0.0,0.0,0.0,1.0,69
@BBCWorld,Peru court reverses ex-president Alberto Fujimori's pardon https://t.co/hLv5F7PpLE,Wed Oct 03 19:41:00 +0000 2018,0.3182,0.247,0.0,0.753,70
@BBCWorld,"RT @BBCSport: FT PSG 6-1 Red Star

A big, big win for Thomas Tuchel's side.

#UCL https://t.co/LVTlbYKjXk #bbcfootball https://t.co/ebbOFsd…",Wed Oct 03 18:50:49 +0000 2018,0.5859,0.183,0.0,0.817,71
@BBCWorld,India Ganges 'rape video': Two men arrested https://t.co/yBLprBSJwH,Wed Oct 03 18:37:19 +0000 2018,-0.8316,0.0,0.565,0.435,72
@BBCWorld,Rédoine Faïd case: French gangster evaded police in burqa https://t.co/NiD5lzNu2N,Wed Oct 03 18:37:10 +0000 2018,0.0,0.0,0.0,1.0,73
@BBCWorld,"THIS IS A TEST #presidentialalert

https://t.co/RmaBYY3QRQ https://t.co/mbNFeOHHnz",Wed Oct 03 18:31:15 +0000 2018,0.0,0.0,0.0,1.0,74
@BBCWorld,"Millions of mobiles get 'Trump alert'

https://t.co/RmaBYY3QRQ https://t.co/4MfUXBP3VR",Wed Oct 03 18:24:14 +0000 2018,0.296,0.239,0.0,0.761,75
@BBCWorld,RT @BBCNorthAmerica: Canada surgeon operates on teddy bear for 8-year-old boy https://t.co/iMqZ3iPYZ3,Wed Oct 03 16:41:47 +0000 2018,0.0,0.0,0.0,1.0,76
@BBCWorld,"RT @bbcworldservice: ""I'd rather fix boats than go to school.""
This teenager says he's the best boat mechanic in the world's largest floati…",Wed Oct 03 16:31:01 +0000 2018,0.6369,0.16,0.0,0.84,77
@BBCWorld,Guinea-Bissau migrant shipwreck: Dozens feared dead https://t.co/fwnX8FHTpr,Wed Oct 03 16:19:33 +0000 2018,-0.8176,0.0,0.6,0.4,78
@BBCWorld,"RT @marklowen: Reports coming in of police activity around #Gulen’s residence in #Pennsylvania. Sketchy but some talk of an armed man, heli…",Wed Oct 03 16:13:14 +0000 2018,0.0,0.0,0.0,1.0,79
@BBCWorld,Cristiano Ronaldo rape allegation: Footballer denies attack https://t.co/o5g3UOWZIh,Wed Oct 03 15:47:05 +0000 2018,-0.891,0.0,0.679,0.321,80
@BBCWorld,Indonesia tsunami: Authorities fight fake news https://t.co/Hsref3FSLN,Wed Oct 03 15:27:51 +0000 2018,-0.6908,0.0,0.533,0.467,81
@BBCWorld,RT @BBCNorthAmerica: Republicans deplore Trump mocking Judge Kavanaugh's accuser https://t.co/zDqXo2M2bi,Wed Oct 03 14:39:04 +0000 2018,-0.4019,0.0,0.231,0.769,82
@BBCWorld,"""She is two years old. The only words she knows are Mami and Papi"" 

This woman is desperately searching for her ni… https://t.co/GRMWvfTx8F",Wed Oct 03 14:16:30 +0000 2018,-0.3818,0.0,0.106,0.894,83
@BBCWorld,"RT @BBCSport: ""Probably one of the worst days of my life.""

Brooks Koepka says he is heartbroken that one of his tee shots resulted in a sp…",Wed Oct 03 13:33:41 +0000 2018,-0.8555,0.0,0.259,0.741,84
@BBCWorld,Skripal poisoning: Putin denounces ex-spy as 'scum' https://t.co/lnPsyhEEUi,Wed Oct 03 13:22:33 +0000 2018,-0.7717,0.0,0.528,0.472,85
@BBCWorld,"Melania Trump, US first lady, visits Ghana slave fort https://t.co/PfebzuuRHY",Wed Oct 03 13:18:57 +0000 2018,0.0,0.0,0.0,1.0,86
@BBCWorld,How India avoided its 'Lehman Brothers moment' https://t.co/Y3icW4e0YI,Wed Oct 03 12:52:37 +0000 2018,-0.34,0.0,0.255,0.745,87
@BBCWorld,Beto O'Rourke: Democrats dazzled by rising star in Texas https://t.co/x7Qen7xCIc,Wed Oct 03 12:47:02 +0000 2018,0.0,0.0,0.0,1.0,88
@BBCWorld,Rédoine Faïd case: Why does France love its gangsters? https://t.co/WFBnae1qjy,Wed Oct 03 12:40:09 +0000 2018,0.6369,0.318,0.0,0.682,89
@BBCWorld,Trump's parents and siblings: What do we know of them? https://t.co/q23jwQ09Qy,Wed Oct 03 12:32:42 +0000 2018,0.0,0.0,0.0,1.0,90
@BBCWorld,Croatian court rejects perjury charge against Luka Modric https://t.co/ZmZzmdLdPR,Wed Oct 03 12:21:13 +0000 2018,-0.7269,0.0,0.466,0.534,91
@BBCWorld,Finland school poster sparks migration row https://t.co/uCPN7Mdv6v,Wed Oct 03 11:54:42 +0000 2018,0.0,0.0,0.0,1.0,92
@BBCWorld,'Cross-border element' to Irish gangland feud https://t.co/QJYdrbg4Sn,Wed Oct 03 11:43:45 +0000 2018,-0.34,0.0,0.286,0.714,93
@BBCWorld,Hornbill gets 3D-printed prosthetic casque after cancer https://t.co/utAJmHXLCe,Wed Oct 03 11:17:11 +0000 2018,-0.6597,0.0,0.386,0.614,94
@BBCWorld,Indonesia tsunami: Frustration in remote areas waiting for aid https://t.co/Mf5QNxSlyA,Wed Oct 03 11:09:45 +0000 2018,-0.4767,0.0,0.256,0.744,95
@BBCWorld,2018 Nobel Prize in Chemistry awarded to three scientists for their discoveries in enzyme research https://t.co/VlBMXhPfQq,Wed Oct 03 10:38:01 +0000 2018,0.7184,0.3,0.0,0.7,96
@BBCWorld,Sanctions on Iran: International Court of Justice rules against US https://t.co/pYk5SxJPYs,Wed Oct 03 10:35:28 +0000 2018,0.5267,0.254,0.0,0.746,97
@BBCWorld,Saudi journalist Jamal Khashoggi — a fierce critic of his country's policies — disappears after consular trip https://t.co/bn9Vdxx2w1,Wed Oct 03 10:25:10 +0000 2018,-0.5423,0.0,0.257,0.743,98
@BBCWorld,"Trump mocks Christine Blasey Ford, who has accused Supreme Court nominee Brett Kavanaugh of sexual assault when the… https://t.co/vQpcXnMHwr",Wed Oct 03 09:57:49 +0000 2018,-0.6597,0.13,0.326,0.543,99
@BBCWorld,Kerala flood aftermath: Battling snakes and sewage to clean a city https://t.co/M9npIvFpd0,Wed Oct 03 09:42:03 +0000 2018,0.1531,0.196,0.152,0.652,100
@CBSNews,Soyuz capsule brings three station fliers back to Earth after 6 months in orbit https://t.co/MUOpfqtFzL https://t.co/Cgl6pvLr3g,Thu Oct 04 15:59:33 +0000 2018,0.0,0.0,0.0,1.0,1
@CBSNews,"""You were surprised, why? I think the Democratic strategy is clear. Stall and re-stall...this is smashmouth raw pol… https://t.co/pdGW6ONpuD",Thu Oct 04 15:56:34 +0000 2018,0.4019,0.211,0.085,0.704,2
@CBSNews,"WATCH: Democrats address FBI report on Kavanaugh

""Dr. Ford came forward and won America's hearts. Our Republican c… https://t.co/gR2kSH7ryW",Thu Oct 04 15:52:46 +0000 2018,0.5719,0.171,0.0,0.829,3
@CBSNews,Fourth victim dies from L.A.-area attacks on mostly homeless men https://t.co/tE0oVZvDLw https://t.co/qHWnU0HxpS,Thu Oct 04 15:44:40 +0000 2018,-0.6124,0.0,0.333,0.667,4
@CBSNews,"Astronomers find signs of ""exomoon"" in distant solar system https://t.co/d6riKDgYfL https://t.co/p2lZJLn6wh",Thu Oct 04 15:29:33 +0000 2018,0.0,0.0,0.0,1.0,5
@CBSNews,"""The facts do not support the allegations levied at Judge Kavanaugh's character,"" Senate Majority Leader Mitch McCo… https://t.co/zsK9Vj3Hqo",Thu Oct 04 15:26:59 +0000 2018,-0.3089,0.0,0.117,0.883,6
@CBSNews,"When Walmart said it was raising wages in early 2015, the retailing behemoth may have unwittingly started a trend… https://t.co/bXRd1JvQxu",Thu Oct 04 15:14:38 +0000 2018,0.0,0.0,0.0,1.0,7
@CBSNews,"""The most notable part of this report is what's not in it."" Senate Democrats are detailing the latest FBI report on… https://t.co/ak1GKVPKf9",Thu Oct 04 15:11:37 +0000 2018,0.0,0.0,0.0,1.0,8
@CBSNews,WATCH: This dog floated on a couch in the middle of a flooded house for nearly two weeks. And his rescue will melt… https://t.co/9aAkEtJcjJ,Thu Oct 04 15:00:58 +0000 2018,0.5106,0.136,0.0,0.864,9
@CBSNews,Vice President Pence plans to accuse China of trying to undermine President Trump as the administration deploys tou… https://t.co/7RWFBMhK87,Thu Oct 04 14:44:37 +0000 2018,-0.4588,0.0,0.19,0.81,10
@CBSNews,"MIRACLE WORKER: His whole life, this 6-year-old Texas boy was unable to speak. Then, a trip to the dentist changed… https://t.co/sFVEB8wmoY",Thu Oct 04 14:30:30 +0000 2018,0.6739,0.193,0.0,0.807,11
@CBSNews,The U.S. Justice Department has charged seven Russian military intelligence officers with hacking anti-doping agenc… https://t.co/RpmWefLpId,Thu Oct 04 14:14:46 +0000 2018,0.6908,0.305,0.085,0.61,12
@CBSNews,"Pres. Trump received at least $413 million in today's dollars from his father, much of that through questionable ta… https://t.co/GL8Ge1mUfq",Thu Oct 04 14:00:00 +0000 2018,-0.296,0.0,0.104,0.896,13
@CBSNews,"""The defendants targeted athletes and anti-doping agencies as retaliation for the outing of Russia's state sponsore… https://t.co/XunrnySmpO",Thu Oct 04 13:52:55 +0000 2018,0.0,0.0,0.0,1.0,14
@CBSNews,"A family thought their 6-year-old son couldn’t speak, but a 30-second procedure at the dentist changed his life… https://t.co/x7Q9RheCjt",Thu Oct 04 13:44:39 +0000 2018,0.0,0.0,0.0,1.0,15
@CBSNews,"Cristiano Ronaldo accuser had suicidal thoughts after alleged rape, lawyer says https://t.co/o0vsgTeXY8 https://t.co/seSbapHiFC",Thu Oct 04 13:30:38 +0000 2018,-0.8807,0.0,0.455,0.545,16
@CBSNews,Judge cites Trump comments in blocking U.S. move against immigrants from 4 nations https://t.co/fYSrCH4bhX https://t.co/4TnIbN060U,Thu Oct 04 13:16:00 +0000 2018,-0.3818,0.0,0.167,0.833,17
@CBSNews,"A good credit score could impact your ability to get a new home or car. But credit card debt, with high interest ra… https://t.co/BC5gr5sqnT",Thu Oct 04 13:00:34 +0000 2018,0.8201,0.399,0.101,0.499,18
@CBSNews,RT @CBSThisMorning: Researchers from the Washington University School of Medicine in St. Louis found consuming one to two drinks four or mo…,Thu Oct 04 12:58:19 +0000 2018,0.0,0.0,0.0,1.0,19
@CBSNews,A 30-year South Carolina police veteran was killed and 6 of his comrades were wounded when a man opened fire from i… https://t.co/WNgRnuhALU,Thu Oct 04 12:44:53 +0000 2018,-0.7845,0.0,0.277,0.723,20
@CBSNews,Soyuz capsule brings three station fliers back to Earth after 6 months in orbit https://t.co/MUOpfqtFzL https://t.co/Cgl6pvLr3g,Thu Oct 04 15:59:33 +0000 2018,0.0,0.0,0.0,1.0,21
@CBSNews,"""You were surprised, why? I think the Democratic strategy is clear. Stall and re-stall...this is smashmouth raw pol… https://t.co/pdGW6ONpuD",Thu Oct 04 15:56:34 +0000 2018,0.4019,0.211,0.085,0.704,22
@CBSNews,"WATCH: Democrats address FBI report on Kavanaugh

""Dr. Ford came forward and won America's hearts. Our Republican c… https://t.co/gR2kSH7ryW",Thu Oct 04 15:52:46 +0000 2018,0.5719,0.171,0.0,0.829,23
@CBSNews,Fourth victim dies from L.A.-area attacks on mostly homeless men https://t.co/tE0oVZvDLw https://t.co/qHWnU0HxpS,Thu Oct 04 15:44:40 +0000 2018,-0.6124,0.0,0.333,0.667,24
@CBSNews,"Astronomers find signs of ""exomoon"" in distant solar system https://t.co/d6riKDgYfL https://t.co/p2lZJLn6wh",Thu Oct 04 15:29:33 +0000 2018,0.0,0.0,0.0,1.0,25
@CBSNews,"""The facts do not support the allegations levied at Judge Kavanaugh's character,"" Senate Majority Leader Mitch McCo… https://t.co/zsK9Vj3Hqo",Thu Oct 04 15:26:59 +0000 2018,-0.3089,0.0,0.117,0.883,26
@CBSNews,"When Walmart said it was raising wages in early 2015, the retailing behemoth may have unwittingly started a trend… https://t.co/bXRd1JvQxu",Thu Oct 04 15:14:38 +0000 2018,0.0,0.0,0.0,1.0,27
@CBSNews,"""The most notable part of this report is what's not in it."" Senate Democrats are detailing the latest FBI report on… https://t.co/ak1GKVPKf9",Thu Oct 04 15:11:37 +0000 2018,0.0,0.0,0.0,1.0,28
@CBSNews,WATCH: This dog floated on a couch in the middle of a flooded house for nearly two weeks. And his rescue will melt… https://t.co/9aAkEtJcjJ,Thu Oct 04 15:00:58 +0000 2018,0.5106,0.136,0.0,0.864,29
@CBSNews,Vice President Pence plans to accuse China of trying to undermine President Trump as the administration deploys tou… https://t.co/7RWFBMhK87,Thu Oct 04 14:44:37 +0000 2018,-0.4588,0.0,0.19,0.81,30
@CBSNews,"MIRACLE WORKER: His whole life, this 6-year-old Texas boy was unable to speak. Then, a trip to the dentist changed… https://t.co/sFVEB8wmoY",Thu Oct 04 14:30:30 +0000 2018,0.6739,0.193,0.0,0.807,31
@CBSNews,The U.S. Justice Department has charged seven Russian military intelligence officers with hacking anti-doping agenc… https://t.co/RpmWefLpId,Thu Oct 04 14:14:46 +0000 2018,0.6908,0.305,0.085,0.61,32
@CBSNews,"Pres. Trump received at least $413 million in today's dollars from his father, much of that through questionable ta… https://t.co/GL8Ge1mUfq",Thu Oct 04 14:00:00 +0000 2018,-0.296,0.0,0.104,0.896,33
@CBSNews,"""The defendants targeted athletes and anti-doping agencies as retaliation for the outing of Russia's state sponsore… https://t.co/XunrnySmpO",Thu Oct 04 13:52:55 +0000 2018,0.0,0.0,0.0,1.0,34
@CBSNews,"A family thought their 6-year-old son couldn’t speak, but a 30-second procedure at the dentist changed his life… https://t.co/x7Q9RheCjt",Thu Oct 04 13:44:39 +0000 2018,0.0,0.0,0.0,1.0,35
@CBSNews,"Cristiano Ronaldo accuser had suicidal thoughts after alleged rape, lawyer says https://t.co/o0vsgTeXY8 https://t.co/seSbapHiFC",Thu Oct 04 13:30:38 +0000 2018,-0.8807,0.0,0.455,0.545,36
@CBSNews,Judge cites Trump comments in blocking U.S. move against immigrants from 4 nations https://t.co/fYSrCH4bhX https://t.co/4TnIbN060U,Thu Oct 04 13:16:00 +0000 2018,-0.3818,0.0,0.167,0.833,37
@CBSNews,"A good credit score could impact your ability to get a new home or car. But credit card debt, with high interest ra… https://t.co/BC5gr5sqnT",Thu Oct 04 13:00:34 +0000 2018,0.8201,0.399,0.101,0.499,38
@CBSNews,RT @CBSThisMorning: Researchers from the Washington University School of Medicine in St. Louis found consuming one to two drinks four or mo…,Thu Oct 04 12:58:19 +0000 2018,0.0,0.0,0.0,1.0,39
@CBSNews,A 30-year South Carolina police veteran was killed and 6 of his comrades were wounded when a man opened fire from i… https://t.co/WNgRnuhALU,Thu Oct 04 12:44:53 +0000 2018,-0.7845,0.0,0.277,0.723,40
@CBSNews,"RT @CBSThisMorning: The real question here is what do Senators Flake, Collins and Murkowski think of this? Do they think it's adequate? --…",Thu Oct 04 12:35:53 +0000 2018,0.3094,0.093,0.0,0.907,41
@CBSNews,Deputy pushes stranded woman's wheelchair one mile to her home https://t.co/iknSnSGl3R https://t.co/cBai5b6u1U,Thu Oct 04 12:30:29 +0000 2018,0.0,0.0,0.0,1.0,42
@CBSNews,"RT @CBSThisMorning: ""I personally don't believe, as a prosecutor, you can have a credible and complete investigation without an interview o…",Thu Oct 04 12:30:01 +0000 2018,0.0,0.0,0.0,1.0,43
@CBSNews,"Track Palin, son of former Alaska Gov. Sarah Palin, to spend year in custody after assault arrests… https://t.co/7OoGjoa4Xt",Thu Oct 04 12:14:50 +0000 2018,-0.5859,0.0,0.183,0.817,44
@CBSNews,RT @NorahODonnell: We’ll talk to @drtaranarula this morning about how a daily alcoholic drink may or may not benefit your health. What you…,Thu Oct 04 12:04:47 +0000 2018,-0.357,0.0,0.106,0.894,45
@CBSNews,"President Trump has said for decades that he's a self-made billionaire. But, a new investigation reveals a differen… https://t.co/RsslbV0htt",Thu Oct 04 12:00:52 +0000 2018,0.0,0.0,0.0,1.0,46
@CBSNews,"RT @NorahODonnell: There are still many unanswered questions about the FBI inquiry into Brett #Kavanaugh - coming up on @CBSThisMorning, @F…",Thu Oct 04 11:59:00 +0000 2018,0.0,0.0,0.0,1.0,47
@CBSNews,Police boost security at Capitol amid tension over Brett Kavanaugh confirmation https://t.co/DgMnr7ubtJ https://t.co/pteXrKFxlH,Thu Oct 04 11:44:43 +0000 2018,0.4215,0.293,0.132,0.575,48
@CBSNews,RT @CBSThisMorning: FEMA is calling its first test of the new presidential alert system a success. The mass cell phone blast went out at 2:…,Thu Oct 04 11:40:58 +0000 2018,0.7096,0.211,0.0,0.789,49
@CBSNews,RT @CBSThisMorning: Indonesian marines are pouring into the area devastated by an earthquake and tsunami to help with rescues. The death to…,Thu Oct 04 11:38:04 +0000 2018,-0.5994,0.162,0.256,0.583,50
@CBSNews,RT @CBSThisMorning: Amazon faces criticism after revealing changes to employee compensation tied to its minimum wage hike. They announced i…,Thu Oct 04 11:37:32 +0000 2018,-0.296,0.075,0.128,0.796,51
@CBSNews,"Indonesia earthquake and tsunami leave more than 70,000 homeless in hard-hit Palu https://t.co/RoDMMM1y1c https://t.co/UunrKswmmP",Thu Oct 04 11:30:47 +0000 2018,-0.0516,0.0,0.085,0.915,52
@CBSNews,RT @CBSThisMorning: The FBI investigation that delayed a confirmation vote on Supreme Court nominee Brett Kavanaugh is finished. The report…,Thu Oct 04 11:17:00 +0000 2018,0.4019,0.16,0.084,0.756,53
@CBSNews,Senators will review FBI findings today after investigation that delayed a confirmation vote on Supreme Court nomin… https://t.co/x9UXXep6Ee,Thu Oct 04 11:15:58 +0000 2018,0.4019,0.176,0.093,0.732,54
@CBSNews,Mom says teachers forced young daughter with autism into closet https://t.co/XsqWTCPTg0 https://t.co/ILS0lDrkbM,Thu Oct 04 11:09:51 +0000 2018,-0.4588,0.0,0.214,0.786,55
@CBSNews,"Ahead in @CBSThisMorning's #AMorePerfectUnion series, a Navy veteran with PTSD finds solace in fly fishing. Learn h… https://t.co/PzmlVupz3l",Thu Oct 04 10:58:36 +0000 2018,0.0,0.0,0.0,1.0,56
@CBSNews,Today senators start reviewing the now finished FBI inquiry into Supreme Court nominee Brett Kavanaugh.… https://t.co/0NzVG5DkYr,Thu Oct 04 10:50:28 +0000 2018,0.5574,0.194,0.0,0.806,57
@CBSNews,"Barnes &amp; Noble says it's exploring strategic alternatives, including a possible sale of the company… https://t.co/AOc5x9cYYy",Thu Oct 04 10:41:45 +0000 2018,0.4588,0.176,0.0,0.824,58
@CBSNews,"Netherlands says Russia tried cyberattack on global chemical weapons agency, expels at least four men linked to the… https://t.co/7QZyvKgM7V",Thu Oct 04 10:25:02 +0000 2018,-0.6705,0.0,0.244,0.756,59
@CBSNews,Space station crew members set for return to Earth after lengthy mission https://t.co/XBfHSizXjg https://t.co/JOfyW5gc6P,Thu Oct 04 10:03:03 +0000 2018,0.0,0.0,0.0,1.0,60
@CBSNews,"""Roseanne"" stars on cancellation and moving forward with ""The Conners"" https://t.co/4DX36mFx6p https://t.co/h1QTLnW92S",Thu Oct 04 09:48:03 +0000 2018,0.0,0.0,0.0,1.0,61
@CBSNews,"As interest rates rise, it's time to make more money from your savings accounts https://t.co/8Dm2sARG1I https://t.co/YGu4WW5rcY",Thu Oct 04 09:33:03 +0000 2018,0.4588,0.167,0.0,0.833,62
@CBSNews,Brain-eating amoeba: What you need to know https://t.co/CXY7n3yrsS https://t.co/amYYIKcIfz,Thu Oct 04 09:18:03 +0000 2018,0.0,0.0,0.0,1.0,63
@CBSNews,Saudis say journalist Jamal Khashoggi left Turkey consulate before disappearance https://t.co/kKnOcb2075 https://t.co/FZoq6hyE76,Thu Oct 04 09:16:04 +0000 2018,0.0,0.0,0.0,1.0,64
@CBSNews,Mom says teachers forced young daughter with autism into closet https://t.co/GxnYoUPd9k https://t.co/reEA2sPKpU,Thu Oct 04 09:10:06 +0000 2018,-0.4588,0.0,0.214,0.786,65
@CBSNews,"Jodi Picoult takes on the abortion debate in latest novel, ""A Spark of Light"" https://t.co/GE6jFOUIa3 https://t.co/W1bPedFE1V",Thu Oct 04 09:03:04 +0000 2018,0.4939,0.231,0.0,0.769,66
@CBSNews,"Bianna Golodryga named co-host of ""CBS This Morning"" https://t.co/MlLunRVU8k https://t.co/kh3tzQvFYR",Thu Oct 04 08:48:03 +0000 2018,0.0,0.0,0.0,1.0,67
@CBSNews,"Cristiano Ronaldo calls rape ""an abominable crime"" as accuser's lawyer speaks out https://t.co/YKT3Du4Tlf https://t.co/XBpY4lZIc1",Thu Oct 04 08:41:15 +0000 2018,-0.8481,0.0,0.406,0.594,68
@CBSNews,"U.K. says Russian cyberattacks are ""actions of a pariah state"" https://t.co/4b9GGwuaHY https://t.co/VFfdmpENU8",Thu Oct 04 08:30:24 +0000 2018,0.0,0.0,0.0,1.0,69
@CBSNews,Senate Democrats suggest past FBI probes found evidence of Kavanaugh misconduct https://t.co/xdA8raDlCg https://t.co/jXVF0jBZul,Thu Oct 04 08:18:03 +0000 2018,0.0,0.0,0.0,1.0,70
@CBSNews,"Chelsea Peretti says she's leaving ""Brooklyn Nine-Nine"" https://t.co/8eMh9zb7p9 https://t.co/fEQQEFyNvC",Thu Oct 04 08:03:04 +0000 2018,0.0,0.0,0.0,1.0,71
@CBSNews,"Winery loses 8,000 gallons of prosecco after fermentation tank explodes https://t.co/CB3q8kXQLm https://t.co/GVREhL6D60",Thu Oct 04 07:48:04 +0000 2018,-0.3182,0.0,0.173,0.827,72
@CBSNews,"Top China expert: U.S.' ""biggest strategic mistake"" was exiting TPP https://t.co/EMm0MVMSfr https://t.co/AW7UCWSaNY",Thu Oct 04 07:33:04 +0000 2018,-0.1531,0.127,0.169,0.704,73
@CBSNews,"Jeff Bezos, Amazon CEO, topples Bill Gates as richest person on Forbes 400 https://t.co/6rwi8oovwb https://t.co/ThUJFkHMkf",Thu Oct 04 07:18:04 +0000 2018,0.6249,0.282,0.0,0.718,74
@CBSNews,Senators react to Trump's comments about Kavanaugh accuser Christine Blasey Ford https://t.co/F2mdCuo16t https://t.co/nePL5T9u3d,Thu Oct 04 07:03:04 +0000 2018,0.0,0.0,0.0,1.0,75
@CBSNews,Two more prosecutors leave Robert Mueller's special counsel team https://t.co/vnuW7da5Cl https://t.co/LvN6u5yEHl,Thu Oct 04 06:48:04 +0000 2018,0.3008,0.205,0.112,0.683,76
@CBSNews,U.S. infrastructure vulnerable to cyberattacks designed to suppress voter turnout https://t.co/TPOna1952V https://t.co/kbW3SE7BJh,Thu Oct 04 06:33:03 +0000 2018,-0.2263,0.0,0.147,0.853,77
@CBSNews,Judge cites Trump comments in blocking U.S. move vs. immigrants from 4 nations https://t.co/WHheotjUlF https://t.co/fDnWkvQKuB,Thu Oct 04 06:24:04 +0000 2018,-0.3818,0.0,0.167,0.833,78
@CBSNews,"Body of 53-year-old missing hiker found, National Park Service says https://t.co/4zaqtfjfjr https://t.co/Y2xnqQJIma",Thu Oct 04 06:18:03 +0000 2018,-0.296,0.0,0.167,0.833,79
@CBSNews,Once-homeless football player Jamal Speaks earns college scholarship https://t.co/qIJ14QcnXs https://t.co/e7MSnYQULW,Thu Oct 04 06:03:02 +0000 2018,0.0,0.0,0.0,1.0,80
@CBSNews,"Feds arrest man suspected of sending threatening letters to Pentagon, White House https://t.co/FUp3E8gDpZ https://t.co/AGn3fIeUyl",Thu Oct 04 05:48:03 +0000 2018,-0.7717,0.0,0.412,0.588,81
@CBSNews,"Astronomers find signs of ""exomoon"" in distant solar system https://t.co/vcr7vJpcbq https://t.co/5eaNzhuXPX",Thu Oct 04 05:33:03 +0000 2018,0.0,0.0,0.0,1.0,82
@CBSNews,Washington Post columnist goes missing at Turkey consulate as fiancée waits outside https://t.co/OOw5w1oOcE https://t.co/FdT9g4Frwy,Thu Oct 04 05:18:03 +0000 2018,-0.296,0.0,0.145,0.855,83
@CBSNews,The GOP senators who could determine Kavanaugh's fate: Susan Collins and Lisa Murkowski https://t.co/XtSbbN2ttC https://t.co/E9LPs2jV7A,Thu Oct 04 05:03:05 +0000 2018,0.0,0.0,0.0,1.0,84
@CBSNews,"SOUTH CAROLINA SHOOTING: Seven law enforcement officers were shot, one fatally, during a confrontation with a suspe… https://t.co/cQmUriOKl3",Thu Oct 04 04:55:44 +0000 2018,-0.7579,0.0,0.317,0.683,85
@CBSNews,"""Roseanne"" stars on cancellation and moving forward with ""The Conners"" https://t.co/nM6N2EITdP https://t.co/TZ56jpj5BE",Thu Oct 04 04:48:03 +0000 2018,0.0,0.0,0.0,1.0,86
@CBSNews,McConnell sets key cloture vote on Kavanaugh confirmation for Friday https://t.co/fVz5o8B5Kt https://t.co/U2eaNhpZii,Thu Oct 04 04:46:08 +0000 2018,0.0,0.0,0.0,1.0,87
@CBSNews,Brain-eating amoeba: What you need to know https://t.co/7zs21fELAe https://t.co/G9cGXgZhBu,Thu Oct 04 04:33:03 +0000 2018,0.0,0.0,0.0,1.0,88
@CBSNews,"Grassley asks Air Force why squadron bought $1,280 coffee cups https://t.co/LlLM3bXDRZ https://t.co/2yUfF2QmTF",Thu Oct 04 04:18:03 +0000 2018,0.0,0.0,0.0,1.0,89
@CBSNews,Senate Democrats suggest past FBI probes found evidence of Kavanaugh misconduct https://t.co/IwWjsgWHna https://t.co/gsGvxRfbMp,Thu Oct 04 04:03:03 +0000 2018,0.0,0.0,0.0,1.0,90
@CBSNews,Toys R Us comeback in works as bankruptcy auction canceled https://t.co/vwIwyOW9pA https://t.co/c5TrId3LXi,Thu Oct 04 03:48:03 +0000 2018,0.0,0.0,0.0,1.0,91
@CBSNews,Former Senate staffer arrested for allegedly doxing senator https://t.co/55nzdRakrH https://t.co/BQ7XdalLO4,Thu Oct 04 03:44:05 +0000 2018,-0.4767,0.0,0.256,0.744,92
@CBSNews,Second suspect arrested in connection to massive gun heist https://t.co/lxtdS0DQrE https://t.co/zrpNj8STmH,Thu Oct 04 03:33:03 +0000 2018,-0.7717,0.0,0.49,0.51,93
@CBSNews,Connie Chung says she was sexually assaulted by doctor who delivered her https://t.co/SH6LdMVuLa https://t.co/zFsck4zF97,Thu Oct 04 03:18:04 +0000 2018,-0.5267,0.0,0.207,0.793,94
@CBSNews,1 in 3 Americans eat fast food daily – but one myth is debunked https://t.co/8xTBXX6VUe https://t.co/cDggDJ2U6l,Thu Oct 04 03:03:04 +0000 2018,0.0,0.0,0.0,1.0,95
@CBSNews,"Seven-year-old Ryan drew millions of views reviewing toys on YouTube. Now, he's getting his own toy brand… https://t.co/FAHjhG0bdE",Thu Oct 04 02:40:01 +0000 2018,0.0,0.0,0.0,1.0,96
@CBSNews,South Carolina shooting: Slain officer named as Terrence Carraway. He had just celebrated 30 years on the force.… https://t.co/78RRyzFuZw,Thu Oct 04 02:38:45 +0000 2018,0.5719,0.171,0.0,0.829,97
@CBSNews,JUST IN: Senate Majority Leader Mitch McConnell sets key vote on Kavanaugh nomination for Friday… https://t.co/InuFpj6umQ,Thu Oct 04 02:25:14 +0000 2018,0.0,0.0,0.0,1.0,98
@CBSNews,"Ailing bookseller Barnes &amp; Noble hangs up ""for sale"" sign https://t.co/S4Km7UZ3YH https://t.co/aKGwnhftkA",Thu Oct 04 02:19:46 +0000 2018,0.4588,0.214,0.0,0.786,99
@CBSNews,"Seven law enforcement officers were shot, one fatally, during a confrontation with a suspect who was holding childr… https://t.co/nVbwMtjuaK",Thu Oct 04 02:00:01 +0000 2018,-0.8271,0.0,0.383,0.617,100
@CNN,"Sen. Lindsey Graham: ""I'm confident the FBI did a good job"" on its Kavanaugh investigation, adding that he's ""ready… https://t.co/xchu6Mego8",Thu Oct 04 16:06:34 +0000 2018,0.7269,0.264,0.0,0.736,1
@CNN,"“We’ve seen no additional corroborating information,” Sen. Jeff Flake says after seeing the FBI’s report on Brett K… https://t.co/eWPnIPtxPx",Thu Oct 04 15:58:16 +0000 2018,-0.296,0.0,0.109,0.891,2
@CNN,"Sen. Susan Collins, a crucial swing vote, after a briefing on the FBI's Kavanaugh report: It ""appears to be a very… https://t.co/zJtPdL8PhJ",Thu Oct 04 15:45:55 +0000 2018,0.0,0.0,0.0,1.0,3
@CNN,Announcing speakers for CITIZEN by CNN -- our first-ever political forum in New York City on Oct. 22. We're bringin… https://t.co/5CtcnlqOVS,Thu Oct 04 15:42:21 +0000 2018,0.0,0.0,0.0,1.0,4
@CNN,"RT @CNNPolitics: ""The fact is that these allegations have not been corroborated. ... Not in the new FBI investigation, not anywhere,"" Senat…",Thu Oct 04 15:33:02 +0000 2018,0.0,0.0,0.0,1.0,5
@CNN,"RT @CNNPolitics: Senate Minority Leader Chuck Schumer on the findings of the FBI report on Brett Kavanaugh: ""I disagree with Sen. Grassley'…",Thu Oct 04 15:32:52 +0000 2018,-0.3818,0.0,0.11,0.89,6
@CNN,"RT @CNNPolitics: Dianne Feinstein, the top Democrat on the Senate Judiciary Committee, after reviewing the FBI report on Brett Kavanaugh: ""…",Thu Oct 04 15:32:42 +0000 2018,0.2023,0.083,0.0,0.917,7
@CNN,From cornfield to c-suite: How @LandOLakesInc CEO @BethFordLOL became the first woman to run the company and made h… https://t.co/5EbOj6jljW,Thu Oct 04 15:12:00 +0000 2018,0.0,0.0,0.0,1.0,8
@CNN,"Senate Democrats are speaking after reading the FBI report on Brett Kavanaugh.

Watch live: https://t.co/UYpqI3w42L… https://t.co/dC4f8vCmmE",Thu Oct 04 15:08:30 +0000 2018,0.0,0.0,0.0,1.0,9
@CNN,The single copy of the FBI's Kavanaugh report is behind closed doors. Here's what senators have to do to see it:… https://t.co/LNfJOHe99K,Thu Oct 04 15:00:07 +0000 2018,0.0,0.0,0.0,1.0,10
@CNN,"A rare bottle of single-malt Scotch was bought for more than $1.1 million in Edinburgh, Scotland, making it the wor… https://t.co/CEDi9Yj3en",Thu Oct 04 14:52:07 +0000 2018,0.0,0.0,0.0,1.0,11
@CNN,They're sad. They're angry. And they're on a bus bound for DC to take action. https://t.co/PzCq1U8lvM https://t.co/8vYS5jCxUg,Thu Oct 04 14:40:50 +0000 2018,-0.7506,0.0,0.314,0.686,12
@CNN,A college professor implied committing sex assault is a right of passage for men. Now he says that was satire.… https://t.co/Jtgqp6zPte,Thu Oct 04 14:31:57 +0000 2018,-0.5423,0.059,0.172,0.769,13
@CNN,"Cristiano Ronaldo, who stands accused of rape, has been left out of Portugal's squad for upcoming friendlies. Ronal… https://t.co/Gh3Fd7g1UL",Thu Oct 04 14:20:07 +0000 2018,-0.5719,0.123,0.264,0.613,14
@CNN,Ex-EPA chief: Trump will pollute your air and make you pay for it | via @CNNopinion https://t.co/Y9HZByyXYz https://t.co/pDumh4FatK,Thu Oct 04 14:10:07 +0000 2018,-0.5719,0.0,0.239,0.761,15
@CNN,The Tesla Model 3 is now the bestselling luxury car in America https://t.co/2Od55zt5kz https://t.co/bJunP2L0sg,Thu Oct 04 14:00:16 +0000 2018,0.0,0.0,0.0,1.0,16
@CNN,"The Justice Department announces criminal charges against seven Russian intelligence officers, accusing them of hac… https://t.co/wlPKlLijtS",Thu Oct 04 13:52:15 +0000 2018,0.0772,0.263,0.291,0.445,17
@CNN,"Almost a week after Indonesia was hit by an earthquake and tsunami, people desperately search for loved ones https://t.co/VpfRWCYVau",Thu Oct 04 13:50:03 +0000 2018,0.3182,0.173,0.116,0.711,18
@CNN,"These liberal women are angry, engaged and ready to vote https://t.co/wlBXcDSLIp https://t.co/WdC2Lv56v0",Thu Oct 04 13:43:00 +0000 2018,0.2263,0.297,0.189,0.514,19
@CNN,Are standing desks really good for you? Proponents claim that eliminating sitting from your work life can make you… https://t.co/Uvh8kmAhmM,Thu Oct 04 13:30:00 +0000 2018,0.4927,0.144,0.0,0.856,20
@CNN,"Sen. Lindsey Graham: ""I'm confident the FBI did a good job"" on its Kavanaugh investigation, adding that he's ""ready… https://t.co/xchu6Mego8",Thu Oct 04 16:06:34 +0000 2018,0.7269,0.264,0.0,0.736,21
@CNN,"“We’ve seen no additional corroborating information,” Sen. Jeff Flake says after seeing the FBI’s report on Brett K… https://t.co/eWPnIPtxPx",Thu Oct 04 15:58:16 +0000 2018,-0.296,0.0,0.109,0.891,22
@CNN,"Sen. Susan Collins, a crucial swing vote, after a briefing on the FBI's Kavanaugh report: It ""appears to be a very… https://t.co/zJtPdL8PhJ",Thu Oct 04 15:45:55 +0000 2018,0.0,0.0,0.0,1.0,23
@CNN,Announcing speakers for CITIZEN by CNN -- our first-ever political forum in New York City on Oct. 22. We're bringin… https://t.co/5CtcnlqOVS,Thu Oct 04 15:42:21 +0000 2018,0.0,0.0,0.0,1.0,24
@CNN,"RT @CNNPolitics: ""The fact is that these allegations have not been corroborated. ... Not in the new FBI investigation, not anywhere,"" Senat…",Thu Oct 04 15:33:02 +0000 2018,0.0,0.0,0.0,1.0,25
@CNN,"RT @CNNPolitics: Senate Minority Leader Chuck Schumer on the findings of the FBI report on Brett Kavanaugh: ""I disagree with Sen. Grassley'…",Thu Oct 04 15:32:52 +0000 2018,-0.3818,0.0,0.11,0.89,26
@CNN,"RT @CNNPolitics: Dianne Feinstein, the top Democrat on the Senate Judiciary Committee, after reviewing the FBI report on Brett Kavanaugh: ""…",Thu Oct 04 15:32:42 +0000 2018,0.2023,0.083,0.0,0.917,27
@CNN,From cornfield to c-suite: How @LandOLakesInc CEO @BethFordLOL became the first woman to run the company and made h… https://t.co/5EbOj6jljW,Thu Oct 04 15:12:00 +0000 2018,0.0,0.0,0.0,1.0,28
@CNN,"Senate Democrats are speaking after reading the FBI report on Brett Kavanaugh.

Watch live: https://t.co/UYpqI3w42L… https://t.co/dC4f8vCmmE",Thu Oct 04 15:08:30 +0000 2018,0.0,0.0,0.0,1.0,29
@CNN,The single copy of the FBI's Kavanaugh report is behind closed doors. Here's what senators have to do to see it:… https://t.co/LNfJOHe99K,Thu Oct 04 15:00:07 +0000 2018,0.0,0.0,0.0,1.0,30
@CNN,"A rare bottle of single-malt Scotch was bought for more than $1.1 million in Edinburgh, Scotland, making it the wor… https://t.co/CEDi9Yj3en",Thu Oct 04 14:52:07 +0000 2018,0.0,0.0,0.0,1.0,31
@CNN,They're sad. They're angry. And they're on a bus bound for DC to take action. https://t.co/PzCq1U8lvM https://t.co/8vYS5jCxUg,Thu Oct 04 14:40:50 +0000 2018,-0.7506,0.0,0.314,0.686,32
@CNN,A college professor implied committing sex assault is a right of passage for men. Now he says that was satire.… https://t.co/Jtgqp6zPte,Thu Oct 04 14:31:57 +0000 2018,-0.5423,0.059,0.172,0.769,33
@CNN,"Cristiano Ronaldo, who stands accused of rape, has been left out of Portugal's squad for upcoming friendlies. Ronal… https://t.co/Gh3Fd7g1UL",Thu Oct 04 14:20:07 +0000 2018,-0.5719,0.123,0.264,0.613,34
@CNN,Ex-EPA chief: Trump will pollute your air and make you pay for it | via @CNNopinion https://t.co/Y9HZByyXYz https://t.co/pDumh4FatK,Thu Oct 04 14:10:07 +0000 2018,-0.5719,0.0,0.239,0.761,35
@CNN,The Tesla Model 3 is now the bestselling luxury car in America https://t.co/2Od55zt5kz https://t.co/bJunP2L0sg,Thu Oct 04 14:00:16 +0000 2018,0.0,0.0,0.0,1.0,36
@CNN,"The Justice Department announces criminal charges against seven Russian intelligence officers, accusing them of hac… https://t.co/wlPKlLijtS",Thu Oct 04 13:52:15 +0000 2018,0.0772,0.263,0.291,0.445,37
@CNN,"Almost a week after Indonesia was hit by an earthquake and tsunami, people desperately search for loved ones https://t.co/VpfRWCYVau",Thu Oct 04 13:50:03 +0000 2018,0.3182,0.173,0.116,0.711,38
@CNN,"These liberal women are angry, engaged and ready to vote https://t.co/wlBXcDSLIp https://t.co/WdC2Lv56v0",Thu Oct 04 13:43:00 +0000 2018,0.2263,0.297,0.189,0.514,39
@CNN,Are standing desks really good for you? Proponents claim that eliminating sitting from your work life can make you… https://t.co/Uvh8kmAhmM,Thu Oct 04 13:30:00 +0000 2018,0.4927,0.144,0.0,0.856,40
@CNN,6.5 million pounds of beef recalled due to salmonella outbreak https://t.co/BsndIXbOQw https://t.co/zb2npx5Wg4,Thu Oct 04 13:20:20 +0000 2018,0.0,0.0,0.0,1.0,41
@CNN,"A US service member assigned to the NATO mission in Afghanistan was killed on Thursday, the Pentagon says https://t.co/P9oDsxsMKP",Thu Oct 04 13:14:48 +0000 2018,-0.6705,0.0,0.209,0.791,42
@CNN,RT @CNNBusiness: It's Amazon's world. We just live in it. CNN Business takes a closer look at the company with the ability to shape the Ame…,Thu Oct 04 13:14:46 +0000 2018,0.3182,0.087,0.0,0.913,43
@CNN,"Today's top business headlines before the opening bell:

- Dow hits second record high in a row

- Amazon workers l… https://t.co/NG6LskuoeQ",Thu Oct 04 13:10:12 +0000 2018,0.3612,0.171,0.0,0.829,44
@CNN,Police officer killed and 7 others wounded during hours-long standoff in South Carolina https://t.co/FKRGkDXvaM https://t.co/ZfZ5x0gb3k,Thu Oct 04 13:00:14 +0000 2018,-0.6705,0.0,0.257,0.743,45
@CNN,"RT @CNNPolitics: Durbin on Kavanaugh: “Honestly, if you watch the judge and listen to his testimony … it really raises a serious, serious q…",Thu Oct 04 12:56:13 +0000 2018,-0.2862,0.0,0.136,0.864,46
@CNN,A college professor implied committing sex assault is a right of passage for men. Now he says that was satire.… https://t.co/c6qv9WWn51,Thu Oct 04 12:50:05 +0000 2018,-0.5423,0.059,0.172,0.769,47
@CNN,"This Paris park, home to horse riding schools and a zoo, has a dark side. It's where Nigerian women are forced into… https://t.co/NwtNUsZKzo",Thu Oct 04 12:42:00 +0000 2018,-0.4588,0.0,0.13,0.87,48
@CNN,Facebook just had its worst hack ever — and it could get worse https://t.co/KGOpXAMDQG https://t.co/unBm36wqui,Thu Oct 04 12:27:09 +0000 2018,-0.802,0.0,0.375,0.625,49
@CNN,"RT @CNNPolitics: Deputy press secretary Raj Shah says the White House feels “very confident” that senators will be ""comfortable voting to c…",Thu Oct 04 12:17:10 +0000 2018,0.5106,0.136,0.0,0.864,50
@CNN,"RT @CNNPolitics: Sen. Chris Coons: ""I'm concerned that if (the FBI) never interviewed Dr. Christine Blasey Ford or her corroborating witnes…",Thu Oct 04 12:17:02 +0000 2018,0.0,0.0,0.0,1.0,51
@CNN,"Welcome to CNN Business: Your guide to tech, media, finance and the future https://t.co/BnhzA9jPxh
 
Follow… https://t.co/QGoMQGWUQ5",Thu Oct 04 12:15:29 +0000 2018,0.4588,0.167,0.0,0.833,52
@CNN,"Amazon giveth and Amazon taketh away.

The company is raising its minimum wage to $15 an hour for all US employees.… https://t.co/lGDxVogGbE",Thu Oct 04 11:54:34 +0000 2018,0.34,0.145,0.0,0.855,53
@CNN,"RT @CNNBusiness: We’re officially open for business! We're covering the most important companies, personalities and innovations that are dr…",Thu Oct 04 11:46:02 +0000 2018,0.3367,0.117,0.0,0.883,54
@CNN,"Progressive groups are set to take an anti-Kavanaugh, women's health message to doors across America… https://t.co/UWDSRiPNWH",Thu Oct 04 11:40:07 +0000 2018,0.0,0.0,0.0,1.0,55
@CNN,Here's where Republicans and Democrats have stopped supporting their candidates https://t.co/kU3fjl2t47 https://t.co/92K6JP5xFA,Thu Oct 04 11:23:30 +0000 2018,0.25,0.196,0.128,0.676,56
@CNN,"Many voters are not moved by harassment claims -- but a partisan, gender divide emerges | Analysis by @niaCNN… https://t.co/diD1TKY59Z",Thu Oct 04 11:10:05 +0000 2018,0.2323,0.102,0.0,0.898,57
@CNN,"5 things for Thursday:

- Brett Kavanaugh
- South Carolina shooting
- Immigration
- Saudi Arabia
- US Navy… https://t.co/Rs9L1Wf1Il",Thu Oct 04 11:00:07 +0000 2018,0.0,0.0,0.0,1.0,58
@CNN,RT @cnni: JUST IN: The Dutch government has accused Russia's military intelligence agency of targeting the world's chemical weapons watchdo…,Thu Oct 04 10:59:15 +0000 2018,-0.25,0.123,0.202,0.675,59
@CNN,It's judgment day for Brett Kavanaugh and the three crucial Republicans who could send him to the Supreme Court or… https://t.co/fafx9gRTjf,Thu Oct 04 10:55:04 +0000 2018,0.5574,0.153,0.0,0.847,60
@CNN,"President Trump's older sister, Judge Maryanne Trump Barry, has kept a very low profile since he ran for office. Bu… https://t.co/uLbNFFIeUm",Thu Oct 04 10:50:11 +0000 2018,-0.3384,0.0,0.112,0.888,61
@CNN,UK officers have rescued a man who is believed to have lived in a six-foot shed for 40 years https://t.co/FV9xVJvbNQ https://t.co/cydTHghXct,Thu Oct 04 10:45:11 +0000 2018,0.4215,0.135,0.0,0.865,62
@CNN,A college professor implied committing sex assault is a right of passage for men. Now he says that was satire.… https://t.co/zY5ouBbTLX,Thu Oct 04 10:39:49 +0000 2018,-0.5423,0.059,0.172,0.769,63
@CNN,The Senate Judiciary Committee has received the supplemental FBI background file for Supreme Court nominee Brett Ka… https://t.co/y0ZkYVxY6H,Thu Oct 04 10:26:20 +0000 2018,0.5574,0.175,0.0,0.825,64
@CNN,Police officer killed and 7 others wounded during hours-long standoff in South Carolina https://t.co/LW8SUWy9vQ https://t.co/ugEg78XThJ,Thu Oct 04 10:16:52 +0000 2018,-0.6705,0.0,0.257,0.743,65
@CNN,"The climate commitments the world has made so far under the Paris Agreement are woefully inadequate, write the lead… https://t.co/HVAwh6Rira",Thu Oct 04 10:09:09 +0000 2018,-0.1779,0.18,0.207,0.613,66
@CNN,"This Paris park, home to horse riding schools and a zoo, has a dark side. It's where Nigerian women are forced into… https://t.co/OPE6IWhzJZ",Thu Oct 04 10:08:00 +0000 2018,-0.4588,0.0,0.13,0.87,67
@CNN,"Despite vows to tackle Japan's gender gap, PM Shinzo Abe took the number of women in his cabinet from 2 to 1.

But… https://t.co/5IWGPjPSZY",Thu Oct 04 09:57:49 +0000 2018,0.0772,0.056,0.0,0.944,68
@CNN,"Oil remains Nigeria's biggest source of income, but after recovering from the country's first recession in 25 years… https://t.co/9W8KEzL1lp",Thu Oct 04 09:52:59 +0000 2018,-0.5719,0.0,0.171,0.829,69
@CNN,"Studies suggest the prevalence of false reporting on sexual assault is 2-10%, according to the National Sexual Viol… https://t.co/eOw2favp66",Thu Oct 04 09:48:45 +0000 2018,-0.5859,0.0,0.174,0.826,70
@CNN,Police officers have rescued a man who is believed to have lived in a six-foot shed for 40 years. Another man has b… https://t.co/cUbP10GPzE,Thu Oct 04 09:42:37 +0000 2018,0.4215,0.118,0.0,0.882,71
@CNN,A financial disclosure from Donald Trump's sister led to The New York Times report on his taxes… https://t.co/AKFzTbQ6Ha,Thu Oct 04 09:31:16 +0000 2018,0.0,0.0,0.0,1.0,72
@CNN,"At 120 years old, the Star Ferry is Hong Kong's oldest form of public transportation -- and the company's green and… https://t.co/8mpZU4oLLm",Thu Oct 04 09:19:31 +0000 2018,0.0,0.0,0.0,1.0,73
@CNN,"RT @cnni: This Paris park, home to horse riding schools and a zoo, has a dark side. It's where Nigerian women are forced into prostitution…",Thu Oct 04 09:03:34 +0000 2018,-0.4588,0.0,0.12,0.88,74
@CNN,This private museum in Taiwan is home to the world's biggest and most comprehensive violin collection… https://t.co/jOaEGEM6Z3,Thu Oct 04 09:01:42 +0000 2018,0.3167,0.125,0.0,0.875,75
@CNN,Police officer killed and 6 others wounded during hours-long standoff in South Carolina https://t.co/u9MMiMI0wA https://t.co/6oKouil8rI,Thu Oct 04 08:36:44 +0000 2018,-0.6705,0.0,0.257,0.743,76
@CNN,SoftBank and Toyota want driverless cars to change the world https://t.co/Gl49d6Nh4Z https://t.co/li3q0APgW2,Thu Oct 04 08:29:47 +0000 2018,0.0772,0.106,0.0,0.894,77
@CNN,Kavanaugh awaits fate as senators read FBI report | Analysis by @StCollinson https://t.co/NVcQp74D06 https://t.co/vLRvJq1ncE,Thu Oct 04 08:05:03 +0000 2018,0.0772,0.098,0.0,0.902,78
@CNN,Science confirms what the heart already knows: Hugs really do make you feel better https://t.co/5wKD46f37Z https://t.co/A6TUF0z7ht,Thu Oct 04 08:01:05 +0000 2018,0.7269,0.303,0.0,0.697,79
@CNN,The insurance company that paid Kim Kardashian West after she was robbed of millions of dollars' worth of jewelry i… https://t.co/Svj9aR78DA,Thu Oct 04 07:50:27 +0000 2018,0.2263,0.087,0.0,0.913,80
@CNN,"It's judgment day for Brett Kavanaugh -- and the three crucial Republicans who could send him to the Supreme Court,… https://t.co/MXB5Vy3TP3",Thu Oct 04 07:41:51 +0000 2018,0.5574,0.153,0.0,0.847,81
@CNN,"A surprise government inspection found nooses hanging in cells, misuse of solitary confinement and delayed medical… https://t.co/Wguf1TRG7n",Thu Oct 04 07:31:04 +0000 2018,0.0516,0.117,0.106,0.778,82
@CNN,"Astronomers say they may have made the first discovery of an exomoon, a moon outside our solar system… https://t.co/Ysi3Sztzc3",Thu Oct 04 07:01:06 +0000 2018,0.0,0.0,0.0,1.0,83
@CNN,High blood pressure. Anxiety. Depression. Insomnia. These are just a few of the possible long-term health consequen… https://t.co/LAzcY346ta,Thu Oct 04 06:31:02 +0000 2018,-0.765,0.0,0.352,0.648,84
@CNN,"CNN’s Samuel Burke gets a close look at Magic Leap’s mixed reality headset, with the help of actor Andy Serkis… https://t.co/PLg4U9dDxJ",Thu Oct 04 06:16:00 +0000 2018,0.4019,0.124,0.0,0.876,85
@CNN,More than 250 people around the world have died taking selfies since 2011 https://t.co/njs5fjzajS,Thu Oct 04 06:01:04 +0000 2018,-0.5574,0.0,0.217,0.783,86
@CNN,"NYC to Boston in 36 minutes? Transcend Air has plans for a jet-fast plane that takes off and lands vertically, allo… https://t.co/fCBF1F5ohL",Thu Oct 04 05:46:01 +0000 2018,0.0,0.0,0.0,1.0,87
@CNN,The insurance company that paid Kim Kardashian West after she was robbed of millions of dollars' worth of jewelry i… https://t.co/wYXGuvv03I,Thu Oct 04 05:41:06 +0000 2018,0.2263,0.087,0.0,0.913,88
@CNN,"Eating processed meats like bacon, sausages and ham could increase the risk of breast cancer, a study shows.

Regul… https://t.co/5TVQmNRNgC",Thu Oct 04 05:31:05 +0000 2018,-0.4019,0.183,0.247,0.57,89
@CNN,"After an unusually large amount of rain, officials are telling people who live near a dam in southern Arizona to ev… https://t.co/zKRdgJXdbU",Thu Oct 04 05:28:07 +0000 2018,0.0,0.0,0.0,1.0,90
@CNN,The British and Australian governments have accused Russian military intelligence of carrying out a worldwide campa… https://t.co/s4501714uP,Thu Oct 04 05:25:03 +0000 2018,0.2263,0.161,0.114,0.725,91
@CNN,"Fashion has a water consumption problem. But bacterial dye -- yes, bacterial -- could help change that:… https://t.co/oste8tCSTj",Thu Oct 04 05:16:00 +0000 2018,0.7391,0.309,0.081,0.61,92
@CNN,Audio of radio interviews between longtime Trump ally Roger Stone &amp; the radio host he claimed was his back channel… https://t.co/asPNRTy3tt,Thu Oct 04 05:12:28 +0000 2018,0.0,0.0,0.0,1.0,93
@CNN,"RT @CNNBusiness: The world's first full-scale Hyperloop passenger capsule has been revealed, and it could be the future of travel https://t…",Thu Oct 04 05:02:59 +0000 2018,0.0,0.0,0.0,1.0,94
@CNN,An off-duty border patrol agent planned to shoot a rifle at a target containing a highly explosive substance reveal… https://t.co/tdOQh3K3Zm,Thu Oct 04 05:01:06 +0000 2018,-0.34,0.0,0.13,0.87,95
@CNN,United Airlines flight lands safely after mayday call shuts down Sydney airport https://t.co/vNMEuulxZw https://t.co/6rqOLwupyu,Thu Oct 04 04:57:12 +0000 2018,0.7184,0.333,0.0,0.667,96
@CNN,"Take a rare tour underneath and inside San Francisco's Golden Gate Bridge where about 200 iron workers, engineers,… https://t.co/YcHAqAf9ws",Thu Oct 04 04:46:00 +0000 2018,0.0,0.0,0.0,1.0,97
@CNN,"Toys ""R"" Us may be coming back.

The company closed all of its US stores in June as part of a bankruptcy liquidatio… https://t.co/Q6rS0EKxia",Thu Oct 04 04:31:05 +0000 2018,0.0,0.0,0.0,1.0,98
@CNN,Are standing desks really good for you? Proponents claim that eliminating sitting from your work life can make you… https://t.co/7CN5t9NcR9,Thu Oct 04 04:16:00 +0000 2018,0.4927,0.144,0.0,0.856,99
@CNN,"US Vice President Mike Pence is set to ramp up Washington's criticism of Beijing in a speech on Thursday, accusing… https://t.co/1GjblY3Q51",Thu Oct 04 04:15:36 +0000 2018,-0.4404,0.0,0.132,0.868,100
@FoxNews,RT @FoxNewsInsider: TUNE IN NOW... @TuckerCarlson joins @OutnumberedFNC with @HARRISFAULKNER @MelissaAFrancis @LisaMarieBoothe &amp; @thehonora…,Thu Oct 04 16:08:53 +0000 2018,0.0,0.0,0.0,1.0,1
@FoxNews,"Carrie Severino: “We still are at zero evidence, zero corroboration. So for the people looking at this fairly, I th… https://t.co/0s5UTk05fF",Thu Oct 04 16:06:33 +0000 2018,0.0,0.0,0.0,1.0,2
@FoxNews,.@leezeldin on confirmation vote delay: “[Senate Democrats] caused the delay.” https://t.co/GVHdiKGEe0 https://t.co/NK3jNcnWmB,Thu Oct 04 15:59:52 +0000 2018,-0.3182,0.0,0.173,0.827,3
@FoxNews,.@SenSchumer: “Doctor Ford came forward and won America’s hearts and our Republican colleagues were upset because t… https://t.co/8bo5wxifDb,Thu Oct 04 15:56:34 +0000 2018,0.2732,0.166,0.117,0.717,4
@FoxNews,Arizona Dem governor candidate's top staffer plagiarized his US congress campaign website https://t.co/HK2vuM9zZf,Thu Oct 04 15:52:38 +0000 2018,0.2023,0.13,0.0,0.87,5
@FoxNews,".@LindseyGrahamSC: “The Brett Kavanaugh that I knew before the committee, is the Brett Kavanaugh I know now, the on… https://t.co/IdVYwyyXUa",Thu Oct 04 15:50:10 +0000 2018,0.0,0.0,0.0,1.0,6
@FoxNews,".@LindseyGrahamSC on the FBI report on the accusations made against Judge Kavanaugh: “It’s a complete report, it’s… https://t.co/UWRVxrSmHZ",Thu Oct 04 15:47:14 +0000 2018,-0.3182,0.0,0.126,0.874,7
@FoxNews,.@senatemajldr: “Who among us would not have been outraged by having a lifetime record drug through the mud with ac… https://t.co/aUemStahKQ,Thu Oct 04 15:41:20 +0000 2018,0.431,0.13,0.0,0.87,8
@FoxNews,"Slain South Carolina cop, called 'bravest police officer,' just marked 30 years of service https://t.co/qFmACOE0OT",Thu Oct 04 15:37:14 +0000 2018,0.5106,0.191,0.0,0.809,9
@FoxNews,.@senatemajldr: “Nobody is supposed to be guilty until proven innocent in the United States of America.”… https://t.co/igD1Kbw9T3,Thu Oct 04 15:33:42 +0000 2018,0.34,0.236,0.127,0.636,10
@FoxNews,.@senatemajldr: “This is now the seventh time the FBI has thoroughly reviewed Judge Kavanaugh’s background.”… https://t.co/CJ7mOsO9Rv,Thu Oct 04 15:32:41 +0000 2018,0.0,0.0,0.0,1.0,11
@FoxNews,.@senatemajldr on the Supreme Court nominee’s qualifications according to the @ABAesq https://t.co/npVyg6t1cc,Thu Oct 04 15:27:41 +0000 2018,0.5574,0.247,0.0,0.753,12
@FoxNews,".@SenSchumer: “We have many fears that this was a very limited process, that would constrain the FBI from getting a… https://t.co/NgeIy6bW1q",Thu Oct 04 15:17:42 +0000 2018,-0.6115,0.0,0.217,0.783,13
@FoxNews,".@SenFeinstein: “The White House certainly blocked access to millions of documents from Judge Kavanaugh’s record, I… https://t.co/Wa9Q6Da2Fi",Thu Oct 04 15:16:53 +0000 2018,0.0772,0.123,0.108,0.769,14
@FoxNews,Senators speak on the Senate floor about Judge Kavanaugh https://t.co/Zmlr60Xj2T,Thu Oct 04 15:14:10 +0000 2018,0.0,0.0,0.0,1.0,15
@FoxNews,.@SenFeinstein on the FBI report of Kavanaugh investigation: “We have seen even more press reports of witnesses who… https://t.co/6SjMjEPkIy,Thu Oct 04 15:13:32 +0000 2018,0.0,0.0,0.0,1.0,16
@FoxNews,"Rep. @Jim_Jordan on Supreme Court nominee Judge Kavanaugh: “I think he should be confirmed, I think it should happe… https://t.co/wzBnZXcHtA",Thu Oct 04 15:10:38 +0000 2018,0.5574,0.167,0.0,0.833,17
@FoxNews,.@SenSchumer and several Democratic members of the Senate Judiciary Committee hold a news conference.… https://t.co/mQwkkAhfP4,Thu Oct 04 15:06:44 +0000 2018,0.0,0.0,0.0,1.0,18
@FoxNews,".@SteveHiltonx: ""Get on with it— take the vote. We've got all the information we're going to get.""… https://t.co/ef7oJ6fkCI",Thu Oct 04 15:04:03 +0000 2018,0.0,0.0,0.0,1.0,19
@FoxNews,"JUST IN: Senator @ChuckGrassley views FBI Kavanaugh file, says it doesn't corroborate Ford claims https://t.co/GVHdiKGEe0",Thu Oct 04 15:02:14 +0000 2018,0.0,0.0,0.0,1.0,20
@FoxNews,RT @FoxNewsInsider: TUNE IN NOW... @TuckerCarlson joins @OutnumberedFNC with @HARRISFAULKNER @MelissaAFrancis @LisaMarieBoothe &amp; @thehonora…,Thu Oct 04 16:08:53 +0000 2018,0.0,0.0,0.0,1.0,21
@FoxNews,"Carrie Severino: “We still are at zero evidence, zero corroboration. So for the people looking at this fairly, I th… https://t.co/0s5UTk05fF",Thu Oct 04 16:06:33 +0000 2018,0.0,0.0,0.0,1.0,22
@FoxNews,.@leezeldin on confirmation vote delay: “[Senate Democrats] caused the delay.” https://t.co/GVHdiKGEe0 https://t.co/NK3jNcnWmB,Thu Oct 04 15:59:52 +0000 2018,-0.3182,0.0,0.173,0.827,23
@FoxNews,.@SenSchumer: “Doctor Ford came forward and won America’s hearts and our Republican colleagues were upset because t… https://t.co/8bo5wxifDb,Thu Oct 04 15:56:34 +0000 2018,0.2732,0.166,0.117,0.717,24
@FoxNews,Arizona Dem governor candidate's top staffer plagiarized his US congress campaign website https://t.co/HK2vuM9zZf,Thu Oct 04 15:52:38 +0000 2018,0.2023,0.13,0.0,0.87,25
@FoxNews,".@LindseyGrahamSC: “The Brett Kavanaugh that I knew before the committee, is the Brett Kavanaugh I know now, the on… https://t.co/IdVYwyyXUa",Thu Oct 04 15:50:10 +0000 2018,0.0,0.0,0.0,1.0,26
@FoxNews,".@LindseyGrahamSC on the FBI report on the accusations made against Judge Kavanaugh: “It’s a complete report, it’s… https://t.co/UWRVxrSmHZ",Thu Oct 04 15:47:14 +0000 2018,-0.3182,0.0,0.126,0.874,27
@FoxNews,.@senatemajldr: “Who among us would not have been outraged by having a lifetime record drug through the mud with ac… https://t.co/aUemStahKQ,Thu Oct 04 15:41:20 +0000 2018,0.431,0.13,0.0,0.87,28
@FoxNews,"Slain South Carolina cop, called 'bravest police officer,' just marked 30 years of service https://t.co/qFmACOE0OT",Thu Oct 04 15:37:14 +0000 2018,0.5106,0.191,0.0,0.809,29
@FoxNews,.@senatemajldr: “Nobody is supposed to be guilty until proven innocent in the United States of America.”… https://t.co/igD1Kbw9T3,Thu Oct 04 15:33:42 +0000 2018,0.34,0.236,0.127,0.636,30
@FoxNews,.@senatemajldr: “This is now the seventh time the FBI has thoroughly reviewed Judge Kavanaugh’s background.”… https://t.co/CJ7mOsO9Rv,Thu Oct 04 15:32:41 +0000 2018,0.0,0.0,0.0,1.0,31
@FoxNews,.@senatemajldr on the Supreme Court nominee’s qualifications according to the @ABAesq https://t.co/npVyg6t1cc,Thu Oct 04 15:27:41 +0000 2018,0.5574,0.247,0.0,0.753,32
@FoxNews,".@SenSchumer: “We have many fears that this was a very limited process, that would constrain the FBI from getting a… https://t.co/NgeIy6bW1q",Thu Oct 04 15:17:42 +0000 2018,-0.6115,0.0,0.217,0.783,33
@FoxNews,".@SenFeinstein: “The White House certainly blocked access to millions of documents from Judge Kavanaugh’s record, I… https://t.co/Wa9Q6Da2Fi",Thu Oct 04 15:16:53 +0000 2018,0.0772,0.123,0.108,0.769,34
@FoxNews,Senators speak on the Senate floor about Judge Kavanaugh https://t.co/Zmlr60Xj2T,Thu Oct 04 15:14:10 +0000 2018,0.0,0.0,0.0,1.0,35
@FoxNews,.@SenFeinstein on the FBI report of Kavanaugh investigation: “We have seen even more press reports of witnesses who… https://t.co/6SjMjEPkIy,Thu Oct 04 15:13:32 +0000 2018,0.0,0.0,0.0,1.0,36
@FoxNews,"Rep. @Jim_Jordan on Supreme Court nominee Judge Kavanaugh: “I think he should be confirmed, I think it should happe… https://t.co/wzBnZXcHtA",Thu Oct 04 15:10:38 +0000 2018,0.5574,0.167,0.0,0.833,37
@FoxNews,.@SenSchumer and several Democratic members of the Senate Judiciary Committee hold a news conference.… https://t.co/mQwkkAhfP4,Thu Oct 04 15:06:44 +0000 2018,0.0,0.0,0.0,1.0,38
@FoxNews,".@SteveHiltonx: ""Get on with it— take the vote. We've got all the information we're going to get.""… https://t.co/ef7oJ6fkCI",Thu Oct 04 15:04:03 +0000 2018,0.0,0.0,0.0,1.0,39
@FoxNews,"JUST IN: Senator @ChuckGrassley views FBI Kavanaugh file, says it doesn't corroborate Ford claims https://t.co/GVHdiKGEe0",Thu Oct 04 15:02:14 +0000 2018,0.0,0.0,0.0,1.0,40
@FoxNews,".@PressSec: ""It's time for the Senate to vote. Everything that has been asked by the Democrats is out there.""… https://t.co/87C4phjQCQ",Thu Oct 04 14:56:10 +0000 2018,0.0,0.0,0.0,1.0,41
@FoxNews,Chinese theme park closes ride after thrill-seeker's harness appears to come loose during leap at 500 feet https://t.co/8n2U1G4Wud,Thu Oct 04 14:55:41 +0000 2018,-0.3182,0.0,0.119,0.881,42
@FoxNews,".@PressSec: ""We stand 100 percent with Brett Kavanaugh."" https://t.co/TJ6YDm0vDF https://t.co/k5wpQ2rNDJ",Thu Oct 04 14:51:40 +0000 2018,0.0,0.0,0.0,1.0,43
@FoxNews,Controversial plans revealed to house Dublin's homeless on cruise ship https://t.co/APO0iAw9v2,Thu Oct 04 14:48:48 +0000 2018,-0.2023,0.0,0.153,0.847,44
@FoxNews,Impact of Kavanaugh confirmation on key midterm races https://t.co/vnMiPeu3Jd,Thu Oct 04 14:46:12 +0000 2018,0.0,0.0,0.0,1.0,45
@FoxNews,"Italian winery loses 8,000 gallons of prosecco in tank overflow https://t.co/dytmMWm19i",Thu Oct 04 14:42:59 +0000 2018,-0.3182,0.0,0.187,0.813,46
@FoxNews,"Senator @ChuckGrassley:  ""With @FBI Work Complete, It’s Time to Vote"" https://t.co/7Dyv9U3aHU",Thu Oct 04 14:40:41 +0000 2018,0.0,0.0,0.0,1.0,47
@FoxNews,"South Carolina shooting leaves 1 officer dead, 6 others wounded: police https://t.co/vKAsQnhHsI https://t.co/GRt3XRTfrY",Thu Oct 04 14:34:18 +0000 2018,-0.6486,0.0,0.301,0.699,48
@FoxNews,.@nyjets star Isaiah Crowell wins endorsement deal after being fined by @NFL for rubbing football on butt https://t.co/fUkO1ejgcl,Thu Oct 04 14:33:14 +0000 2018,0.7184,0.273,0.0,0.727,49
@FoxNews,".@FLOTUS Melania Trump continues her ""Be Best"" campaign in Africa https://t.co/J9XIl8sVcR https://t.co/ScZmTmEq7n",Thu Oct 04 14:29:21 +0000 2018,0.6369,0.276,0.0,0.724,50
@FoxNews,Seattle program that gives drug users a pass instead of prison spreads across the US https://t.co/0kCqZWWKAJ,Thu Oct 04 14:27:07 +0000 2018,-0.5106,0.0,0.191,0.809,51
@FoxNews,"Former Deputy Assistant AG John Yoo: ""Now that the senators can see all the information related to these accusation… https://t.co/CTndvKEm3P",Thu Oct 04 14:25:03 +0000 2018,0.0,0.0,0.0,1.0,52
@FoxNews,Cancer patient’s final act was to find home for beloved dog https://t.co/rYgfPxXJBf,Thu Oct 04 14:19:43 +0000 2018,-0.2732,0.186,0.249,0.565,53
@FoxNews,Stocks open day after Dow hits new high https://t.co/gDqvHXMXSl,Thu Oct 04 14:17:35 +0000 2018,0.0,0.0,0.0,1.0,54
@FoxNews,".@jasoninthehouse: ""Ms. Ford was given every opportunity to say everything she possibly could say, so now it's time… https://t.co/PCqqKzltRb",Thu Oct 04 14:13:27 +0000 2018,0.4215,0.135,0.0,0.865,55
@FoxNews,"GOP-doxxing suspect arrested; worked or interned for Feinstein, Jackson Lee, other Dems https://t.co/NySasWTl0w",Thu Oct 04 14:09:21 +0000 2018,-0.6486,0.0,0.325,0.675,56
@FoxNews,.@senatemajldr Mitch McConnell files motion to end debate on Kavanaugh and start process for confirmation vote… https://t.co/VMR8v51C8l,Thu Oct 04 14:05:09 +0000 2018,0.0,0.0,0.0,1.0,57
@FoxNews,Ex-Miss Iraq reveals she received death threats after a string of 'Westernized' women were killed https://t.co/iXQvgH7NFN,Thu Oct 04 14:01:46 +0000 2018,-0.9042,0.0,0.483,0.517,58
@FoxNews,Senators reviewing @FBI Kavanaugh report https://t.co/ItcJKovmJ4 https://t.co/0cqbIyUcSG,Thu Oct 04 14:00:17 +0000 2018,0.0,0.0,0.0,1.0,59
@FoxNews,".@kilmeade: ""If [Dr. Ford's letter] came to you, just judging by your track record... you would've asked Kavanaugh… https://t.co/ZVY8hbM77h",Thu Oct 04 13:23:59 +0000 2018,0.0,0.0,0.0,1.0,60
@FoxNews,"Senator @ChrisCoons: ""I believe [@SenFeinstein] sat on it for so long because she was respecting Dr. Ford's request… https://t.co/IWs892kjm3",Thu Oct 04 13:12:53 +0000 2018,0.4939,0.151,0.0,0.849,61
@FoxNews,.@FLOTUS makes remarks at the ambassador's residence in Malawi. https://t.co/AAjVHls6xO,Thu Oct 04 13:12:03 +0000 2018,0.0,0.0,0.0,1.0,62
@FoxNews,"Senator @ChrisCoons: ""Senator Flake had already said he was inclined to vote yes, I had already said I was inclined… https://t.co/gGHKlNc8SZ",Thu Oct 04 13:07:13 +0000 2018,0.4019,0.13,0.0,0.87,63
@FoxNews,"RT @FoxBusiness: NEWS ALERT: @Sears, @Kmart closing additional stores https://t.co/BwN3tKnfU1",Thu Oct 04 13:01:22 +0000 2018,0.4466,0.246,0.0,0.754,64
@FoxNews,United flight from LA lands safely in Sydney after declaring 'fuel mayday' https://t.co/v8IgTqnSsq,Thu Oct 04 12:31:00 +0000 2018,0.7184,0.353,0.0,0.647,65
@FoxNews,".@FLOTUS is greeted by first lady Gertrude Maseko and a flower girl as she arrives in Malawi, Africa. https://t.co/Cx9PlMzcAI",Thu Oct 04 12:27:24 +0000 2018,0.2732,0.11,0.0,0.89,66
@FoxNews,.@FLOTUS visits a school in Malawi.  https://t.co/yiDfjUkVo7,Thu Oct 04 12:22:41 +0000 2018,0.0,0.0,0.0,1.0,67
@FoxNews,"More than 1 in 3 American adults eat fast food on a given day, CDC survey finds https://t.co/zwbN9oi70q",Thu Oct 04 12:15:00 +0000 2018,0.0,0.0,0.0,1.0,68
@FoxNews,RT @FoxBusiness: Why a surge in semi-trucks order is a good sign for the economy  https://t.co/g9WCl7gcaC,Thu Oct 04 12:10:53 +0000 2018,0.4404,0.182,0.0,0.818,69
@FoxNews,"RT @FoxNewsResearch: Kavanaugh Latest:

Last Night/Overnight:
•McConnell officially set up Fri procedural vote
•WH got FBI rpt; says no cor…",Thu Oct 04 12:10:06 +0000 2018,-0.296,0.0,0.104,0.896,70
@FoxNews,Andrew Parker: “This is about giving voice to her experience.” @foxandfriends https://t.co/YY9QJYQwfI,Thu Oct 04 12:07:00 +0000 2018,0.34,0.179,0.0,0.821,71
@FoxNews,.@FLOTUS visits a school in Malawi. https://t.co/ApTpWXgouI,Thu Oct 04 12:00:44 +0000 2018,0.0,0.0,0.0,1.0,72
@FoxNews,.@FLOTUS visits a school in Malawi https://t.co/h9AiGwDTN2,Thu Oct 04 11:46:39 +0000 2018,0.0,0.0,0.0,1.0,73
@FoxNews,OPINION: Melania Trump’s Africa trip could provide the best kind of US outreach https://t.co/yvCj9WhJ5Q,Thu Oct 04 11:44:00 +0000 2018,0.743,0.344,0.0,0.656,74
@FoxNews,Andrew Parker: “Karen welcomes any investigation. She has cooperated with every investigation and she will continue… https://t.co/Zv9QPyA1kO,Thu Oct 04 11:37:42 +0000 2018,0.4019,0.144,0.0,0.856,75
@FoxNews,.@FLOTUS lands in Malawi on Africa trip @foxandfriends https://t.co/4nVdbJFCvT https://t.co/UHlBpCFi07,Thu Oct 04 11:32:00 +0000 2018,0.0,0.0,0.0,1.0,76
@FoxNews,'Master of Arms' will build weapons straight out of the history books https://t.co/PBZGrpqwsO,Thu Oct 04 11:15:00 +0000 2018,-0.25,0.12,0.184,0.696,77
@FoxNews,"Stock futures point to declines putting Dow march to 27,000 on hold (via @FoxBusiness) https://t.co/w7WGZOcSGz",Thu Oct 04 11:11:15 +0000 2018,0.0,0.0,0.0,1.0,78
@FoxNews,OPINION: Cal Thomas: Trump promised to put American interests first – he wasn’t kidding https://t.co/xu9138dQ4n,Thu Oct 04 10:45:00 +0000 2018,0.5994,0.349,0.0,0.651,79
@FoxNews,Senate Judiciary Committee receives FBI report on sexual misconduct allegations against Kavanaugh https://t.co/6jH6cWHE0L,Thu Oct 04 10:25:00 +0000 2018,0.0,0.0,0.0,1.0,80
@FoxNews,.@CarleyShimkus is live with the 'Fox News Update' on Facebook Watch: https://t.co/yq4SFGVnY5 https://t.co/W7TbomJRc6,Thu Oct 04 10:10:14 +0000 2018,0.0,0.0,0.0,1.0,81
@FoxNews,"John McLaughlin on midterm voter turnout: “You have 26 Democrats up, 10 in states that @POTUS won. There are millio… https://t.co/9gLQBX8DWk",Thu Oct 04 10:10:00 +0000 2018,0.5719,0.156,0.0,0.844,82
@FoxNews,"Police dog attack didn't violate woman's rights, judge rules https://t.co/ci7EOz7QbI",Thu Oct 04 10:01:00 +0000 2018,-0.121,0.191,0.226,0.583,83
@FoxNews,"A Soldier with 1st Battalion, 32nd Infantry Regiment, 1st Brigade Combat Team, 10th Mountain Division (LI) greets h… https://t.co/sgjCEmUqoc",Thu Oct 04 09:55:00 +0000 2018,-0.2023,0.08,0.12,0.8,84
@FoxNews,"Bedbugs prompt police, fire response at city council meeting in Gary, Ind. https://t.co/TzVtWCiVJO",Thu Oct 04 09:50:00 +0000 2018,-0.34,0.0,0.167,0.833,85
@FoxNews,Colbert takes on Trump's 'presidential alert' https://t.co/AYzfajSc0e,Thu Oct 04 09:44:00 +0000 2018,0.296,0.268,0.0,0.732,86
@FoxNews,Jenna Ellis on Kavanaugh probe: “This has been an attack against conservative values and the Constitution itself by… https://t.co/VsIBxJDV7R,Thu Oct 04 09:38:00 +0000 2018,-0.1027,0.118,0.136,0.746,87
@FoxNews,"White House receives FBI report on Kavanaugh, 'fully confident' he'll be confirmed https://t.co/OsvzEPgwTG",Thu Oct 04 09:31:00 +0000 2018,0.5413,0.225,0.0,0.775,88
@FoxNews,".@cabot_phillips: “I think it’s important for students to remember, just because you are calling for debate and for… https://t.co/3zI6ZbBxKl",Thu Oct 04 09:24:00 +0000 2018,0.2023,0.091,0.0,0.909,89
@FoxNews,Rep. Nancy Pelosi spoke to activists Wednesday about the Supreme Court confirmation debate over Judge Brett Kavanau… https://t.co/01jhY9WGet,Thu Oct 04 09:17:00 +0000 2018,0.5574,0.175,0.0,0.825,90
@FoxNews,.@RLHeinrichs: “Every other country watches what the United States does…It’s incredibly important that what the Uni… https://t.co/aBfFNsjw4Y,Thu Oct 04 09:11:00 +0000 2018,0.5984,0.246,0.0,0.754,91
@FoxNews,Pregnant mother claims self-defense in boyfriend's death: reports https://t.co/mCW3jfUMMD,Thu Oct 04 09:05:00 +0000 2018,-0.5994,0.0,0.328,0.672,92
@FoxNews,.@RLHeinrichs on U.S. refusing to lift sanctions on Iran: “There’s not gonna be any bad ramifications for the Unite… https://t.co/k7zS0H79oS,Thu Oct 04 09:00:00 +0000 2018,-0.7351,0.0,0.256,0.744,93
@FoxNews,Democratic intern charged with “doxxing” senators online @FoxFriendsFirst https://t.co/t1gZaSiyOP https://t.co/A1UcgNva1J,Thu Oct 04 08:52:00 +0000 2018,-0.2023,0.0,0.167,0.833,94
@FoxNews,A blind Minnesota teen hopes to inspire others by completing his first Ironman Triathlon this weekend.… https://t.co/ZggNgQlgpQ,Thu Oct 04 08:45:00 +0000 2018,0.5859,0.293,0.122,0.586,95
@FoxNews,"Stock futures point to declines, putting Dow march to 27,000 on hold (via 
@FoxBusiness) https://t.co/L6sK0mIJsF",Thu Oct 04 08:37:19 +0000 2018,0.0,0.0,0.0,1.0,96
@FoxNews,Ricin suspect in custody — court docs: Navy vet admits to sending letters https://t.co/VIodJYg7zW  @FoxFriendsFirst https://t.co/JtlaLfzXqN,Thu Oct 04 08:28:00 +0000 2018,0.0,0.126,0.126,0.747,97
@FoxNews,"Utah man arrested in ricin probe after suspicious mailings to Trump, Pentagon https://t.co/vo5ayAzoHG",Thu Oct 04 08:21:00 +0000 2018,-0.6808,0.0,0.337,0.663,98
@FoxNews,"Tennessee man attacks neighbor with ax, claims dog killed or ate his chicken, police say https://t.co/TrQc8gMiez",Thu Oct 04 08:15:27 +0000 2018,-0.8126,0.0,0.346,0.654,99
@FoxNews,"Dashcam video shows a Florida officer use a stun gun to stop a man who allegedly took off on a stolen tractor, then… https://t.co/MYhCGrbRoB",Thu Oct 04 08:09:00 +0000 2018,-0.7783,0.0,0.315,0.685,100
@nytimes,"NBC gave Michael Schur total freedom. So the TV impresario made ""The Good Place,"" a sitcom that's also a profound w… https://t.co/aPANEleDon",Thu Oct 04 16:02:13 +0000 2018,0.7964,0.283,0.0,0.717,1
@nytimes,"Barnes &amp; Noble announced that is considering putting itself up for sale, again. Shareholders are delighted but find… https://t.co/V90Zo8cfq7",Thu Oct 04 15:55:03 +0000 2018,0.4854,0.196,0.0,0.804,2
@nytimes,"RT @panphil: “It’s difficult to explain what Q means exactly,” says one teahouse manager. But ⁦@amyyqin⁩ explains it in all its delicious g…",Thu Oct 04 15:25:05 +0000 2018,0.6486,0.188,0.065,0.746,3
@nytimes,"As senators read FBI interview transcripts, the White House is confident that the new background check on Judge Bre… https://t.co/BZBegmkDQD",Thu Oct 04 15:10:07 +0000 2018,0.4939,0.144,0.0,0.856,4
@nytimes,RT @nytgraphics: A map of where China’s retaliatory tariffs threaten American jobs looks a lot like one that shows where voters backed Pres…,Thu Oct 04 15:00:13 +0000 2018,-0.0,0.149,0.107,0.744,5
@nytimes,"By the Book: If you want a book to better understand America, Andre Dubus III, the author of “Gone So Long,” says,… https://t.co/m196cMr18r",Thu Oct 04 14:45:08 +0000 2018,0.4939,0.174,0.0,0.826,6
@nytimes,"RT @ScottShaneNYT: 3/ And according to the estimable @DarrenLinvill of Clemson University, it was then retweeted by 26 other Russian accoun…",Thu Oct 04 14:34:27 +0000 2018,0.0,0.0,0.0,1.0,7
@nytimes,"RT @ScottShaneNYT: 2/ Turns out that on December 19, 2016, the day the Electoral College confirmed Trump's victory, one of the Internet Res…",Thu Oct 04 14:34:10 +0000 2018,0.0,0.0,0.0,1.0,8
@nytimes,RT @ScottShaneNYT: 1/ Here's a remarkable update to the reconstruction of the Russian 2016 election attack I wrote with @MarkMazzettiNYT tw…,Thu Oct 04 14:33:50 +0000 2018,0.128,0.152,0.131,0.717,9
@nytimes,"Breaking News: Russian officers launched cyberattacks on inquiries into Russian doping, an ex-spy’s poisoning and t… https://t.co/SlJLclQyXO",Thu Oct 04 14:31:06 +0000 2018,-0.5106,0.074,0.187,0.739,10
@nytimes,"In a video, Emmanuel Macron was seen as lecturing an out-of-work gardener to look harder for a job. ""If I crossed t… https://t.co/AENktC7iSM",Thu Oct 04 14:30:13 +0000 2018,0.0,0.0,0.0,1.0,11
@nytimes,"RT @MarkLandler: Tensions with China are about to get worse: Mike Pence to deliver a blistering assault on Chinese aggression, predatory lo…",Thu Oct 04 14:15:07 +0000 2018,-0.8957,0.0,0.41,0.59,12
@nytimes,"RT @mikiebarb: On today’s Daily: the meaning and scope of the FBI investigation into Kavanaugh, which Senators will review this morning — a…",Thu Oct 04 14:00:10 +0000 2018,0.0,0.0,0.0,1.0,13
@nytimes,Jimmy Kimmel's show paused multiple times as an alarm blared and faux presidential alerts flashed across the screen… https://t.co/Ioxsw7BWje,Thu Oct 04 13:44:02 +0000 2018,-0.34,0.0,0.118,0.882,14
@nytimes,"""Too often, when 'alternative medicine' is used instead of standard medical treatments, it delays the use of remedi… https://t.co/t8xD9NeSzW",Thu Oct 04 13:30:16 +0000 2018,0.0,0.0,0.0,1.0,15
@nytimes,"The most famous faces of the ’90s returned to the runways, bike shorts are here to stay — and the beach was every d… https://t.co/TwGULOxKmp",Thu Oct 04 13:22:05 +0000 2018,0.0,0.0,0.0,1.0,16
@nytimes,"Trump has insisted that his father provided almost no financial help.

Our investigation, based on a trove of tax r… https://t.co/c2h6iiHS5a",Thu Oct 04 13:14:43 +0000 2018,0.1354,0.109,0.085,0.806,17
@nytimes,"On Wednesday, some Senate Republicans were stepping up their efforts to challenge the credibility of Dr. Christine… https://t.co/JT61eZgxG7",Thu Oct 04 13:11:03 +0000 2018,0.0772,0.071,0.0,0.929,18
@nytimes,Morning Briefing: Here's what you need to know to start your day https://t.co/v1iATGfjEm,Thu Oct 04 13:00:09 +0000 2018,0.0,0.0,0.0,1.0,19
@nytimes,"RT @stavernise: The last time half of eligible voters showed up in a midterm was 1914. Here is why.
https://t.co/8iYE3r1ix6",Thu Oct 04 12:44:02 +0000 2018,0.0,0.0,0.0,1.0,20
@nytimes,"NBC gave Michael Schur total freedom. So the TV impresario made ""The Good Place,"" a sitcom that's also a profound w… https://t.co/aPANEleDon",Thu Oct 04 16:02:13 +0000 2018,0.7964,0.283,0.0,0.717,21
@nytimes,"Barnes &amp; Noble announced that is considering putting itself up for sale, again. Shareholders are delighted but find… https://t.co/V90Zo8cfq7",Thu Oct 04 15:55:03 +0000 2018,0.4854,0.196,0.0,0.804,22
@nytimes,"RT @panphil: “It’s difficult to explain what Q means exactly,” says one teahouse manager. But ⁦@amyyqin⁩ explains it in all its delicious g…",Thu Oct 04 15:25:05 +0000 2018,0.6486,0.188,0.065,0.746,23
@nytimes,"As senators read FBI interview transcripts, the White House is confident that the new background check on Judge Bre… https://t.co/BZBegmkDQD",Thu Oct 04 15:10:07 +0000 2018,0.4939,0.144,0.0,0.856,24
@nytimes,RT @nytgraphics: A map of where China’s retaliatory tariffs threaten American jobs looks a lot like one that shows where voters backed Pres…,Thu Oct 04 15:00:13 +0000 2018,-0.0,0.149,0.107,0.744,25
@nytimes,"By the Book: If you want a book to better understand America, Andre Dubus III, the author of “Gone So Long,” says,… https://t.co/m196cMr18r",Thu Oct 04 14:45:08 +0000 2018,0.4939,0.174,0.0,0.826,26
@nytimes,"RT @ScottShaneNYT: 3/ And according to the estimable @DarrenLinvill of Clemson University, it was then retweeted by 26 other Russian accoun…",Thu Oct 04 14:34:27 +0000 2018,0.0,0.0,0.0,1.0,27
@nytimes,"RT @ScottShaneNYT: 2/ Turns out that on December 19, 2016, the day the Electoral College confirmed Trump's victory, one of the Internet Res…",Thu Oct 04 14:34:10 +0000 2018,0.0,0.0,0.0,1.0,28
@nytimes,RT @ScottShaneNYT: 1/ Here's a remarkable update to the reconstruction of the Russian 2016 election attack I wrote with @MarkMazzettiNYT tw…,Thu Oct 04 14:33:50 +0000 2018,0.128,0.152,0.131,0.717,29
@nytimes,"Breaking News: Russian officers launched cyberattacks on inquiries into Russian doping, an ex-spy’s poisoning and t… https://t.co/SlJLclQyXO",Thu Oct 04 14:31:06 +0000 2018,-0.5106,0.074,0.187,0.739,30
@nytimes,"In a video, Emmanuel Macron was seen as lecturing an out-of-work gardener to look harder for a job. ""If I crossed t… https://t.co/AENktC7iSM",Thu Oct 04 14:30:13 +0000 2018,0.0,0.0,0.0,1.0,31
@nytimes,"RT @MarkLandler: Tensions with China are about to get worse: Mike Pence to deliver a blistering assault on Chinese aggression, predatory lo…",Thu Oct 04 14:15:07 +0000 2018,-0.8957,0.0,0.41,0.59,32
@nytimes,"RT @mikiebarb: On today’s Daily: the meaning and scope of the FBI investigation into Kavanaugh, which Senators will review this morning — a…",Thu Oct 04 14:00:10 +0000 2018,0.0,0.0,0.0,1.0,33
@nytimes,Jimmy Kimmel's show paused multiple times as an alarm blared and faux presidential alerts flashed across the screen… https://t.co/Ioxsw7BWje,Thu Oct 04 13:44:02 +0000 2018,-0.34,0.0,0.118,0.882,34
@nytimes,"""Too often, when 'alternative medicine' is used instead of standard medical treatments, it delays the use of remedi… https://t.co/t8xD9NeSzW",Thu Oct 04 13:30:16 +0000 2018,0.0,0.0,0.0,1.0,35
@nytimes,"The most famous faces of the ’90s returned to the runways, bike shorts are here to stay — and the beach was every d… https://t.co/TwGULOxKmp",Thu Oct 04 13:22:05 +0000 2018,0.0,0.0,0.0,1.0,36
@nytimes,"Trump has insisted that his father provided almost no financial help.

Our investigation, based on a trove of tax r… https://t.co/c2h6iiHS5a",Thu Oct 04 13:14:43 +0000 2018,0.1354,0.109,0.085,0.806,37
@nytimes,"On Wednesday, some Senate Republicans were stepping up their efforts to challenge the credibility of Dr. Christine… https://t.co/JT61eZgxG7",Thu Oct 04 13:11:03 +0000 2018,0.0772,0.071,0.0,0.929,38
@nytimes,Morning Briefing: Here's what you need to know to start your day https://t.co/v1iATGfjEm,Thu Oct 04 13:00:09 +0000 2018,0.0,0.0,0.0,1.0,39
@nytimes,"RT @stavernise: The last time half of eligible voters showed up in a midterm was 1914. Here is why.
https://t.co/8iYE3r1ix6",Thu Oct 04 12:44:02 +0000 2018,0.0,0.0,0.0,1.0,40
@nytimes,"A white mob rampaged through a wealthy black business district in Tulsa in 1921, in a spate of violence that left u… https://t.co/IBegxKtnbQ",Thu Oct 04 12:30:04 +0000 2018,-0.3818,0.102,0.167,0.732,41
@nytimes,"RT @hkbeech: In Petobo, the earth churned as in a blender and people rode their houses like boats https://t.co/rRHuCo5cBT",Thu Oct 04 12:15:06 +0000 2018,0.3612,0.128,0.0,0.872,42
@nytimes,"Your daily @DealBook Briefing:

• eBay accuses Amazon of illegally trying to steal sellers

• How China is said to… https://t.co/6W1ukC1jzu",Thu Oct 04 12:05:04 +0000 2018,-0.5994,0.073,0.24,0.687,43
@nytimes,A small army of African-American women across the South is using networks originally forged in segregation to muste… https://t.co/HlRkw2AUlY,Thu Oct 04 11:46:04 +0000 2018,0.0,0.0,0.0,1.0,44
@nytimes,"""The president insulted our country, our prime minister and even our chief negotiator,"" a former Canadian ambassado… https://t.co/3wH4kdBBZU",Thu Oct 04 11:30:05 +0000 2018,-0.5106,0.0,0.171,0.829,45
@nytimes,Our investigation revealed that Donald Trump received the equivalent today of at least $413 million from his father… https://t.co/wDdPiUQy1O,Thu Oct 04 11:15:06 +0000 2018,0.0,0.0,0.0,1.0,46
@nytimes,The FBI's Kavanaugh investigation https://t.co/PkMSt3SO8u https://t.co/lq5f0oXYZl,Thu Oct 04 11:00:14 +0000 2018,0.0,0.0,0.0,1.0,47
@nytimes,"A statement issued by the White House around 2:30 a.m. ET said the FBI had completed its work. ""With this additiona… https://t.co/ySDOx4tuLi",Thu Oct 04 10:45:08 +0000 2018,0.0,0.0,0.0,1.0,48
@nytimes,Theresa May promised an end to the program of austerity measures that contributed to the surprise loss of the Conse… https://t.co/fexRSsx3sA,Thu Oct 04 10:30:06 +0000 2018,0.3182,0.185,0.092,0.723,49
@nytimes,Morning Briefing: Here's what you need to know to start your day https://t.co/cWQiBqFbJi,Thu Oct 04 10:20:08 +0000 2018,0.0,0.0,0.0,1.0,50
@nytimes,"Q texture is to Taiwanese what umami is to Japanese and al dente is to Italians — that is, cherished and essential https://t.co/JJFACs3DyG",Thu Oct 04 10:10:06 +0000 2018,0.5106,0.142,0.0,0.858,51
@nytimes,"Nobody lives in this penthouse apartment, but you may have seen it in your Instagram feed https://t.co/DAhLgsCIYW",Thu Oct 04 09:59:55 +0000 2018,0.0,0.0,0.0,1.0,52
@nytimes,RT @nytimesworld: Pope Francis says he wants to hear the doubts and criticisms of youth at a new Synod of Bishops. But critics say he has n…,Thu Oct 04 09:31:02 +0000 2018,-0.5927,0.0,0.203,0.797,53
@nytimes,"This bottle of whisky is ""one of the rarest and most desirable bottles ever produced,"" according to a specialist. I… https://t.co/xfyBlHuAow",Thu Oct 04 09:15:04 +0000 2018,0.3804,0.12,0.0,0.88,54
@nytimes,"Alberto Fujimori, the former Peruvian dictator imprisoned for human rights abuses but then pardoned last year, was… https://t.co/G6rPGPLXrP",Thu Oct 04 09:00:09 +0000 2018,-0.2382,0.109,0.199,0.693,55
@nytimes,Iraq's new leaders suggest that the nation could finally be edging away from the sect- and party-based system that… https://t.co/SoBhcCpu64,Thu Oct 04 08:45:03 +0000 2018,0.0,0.0,0.0,1.0,56
@nytimes,2 Democratic senators are calling on federal regulators to investigate whether children’s apps improperly collect p… https://t.co/ejbthemQWG,Thu Oct 04 08:30:02 +0000 2018,0.0,0.0,0.0,1.0,57
@nytimes,President Trump has sold himself as a self-made billionaire but our investigation found that he received more than… https://t.co/4SRFVI5OHU,Thu Oct 04 08:15:06 +0000 2018,0.0,0.0,0.0,1.0,58
@nytimes,"After 3 months on the run, a notorious French armed robber who made a cinematic escape by helicopter from a prison… https://t.co/tTrhurtSJd",Thu Oct 04 08:00:13 +0000 2018,-0.7003,0.073,0.28,0.647,59
@nytimes,"In an opinion piece in The Washington Post, written as a letter to Dr. Blasey Ford, Connie Chung said that she was… https://t.co/gWxpCHCoSn",Thu Oct 04 07:45:07 +0000 2018,0.0,0.0,0.0,1.0,60
@nytimes,"“Stripping her of her honorary citizenship may not make a tangible difference to her, but it sends an important sym… https://t.co/WYnX7vVzyF",Thu Oct 04 07:30:05 +0000 2018,0.4404,0.178,0.0,0.822,61
@nytimes,RT @peterbakernyt: White House transmits FBI interviews to the Senate in the middle of the night and expresses confidence that nothing in t…,Thu Oct 04 07:16:14 +0000 2018,0.5106,0.13,0.0,0.87,62
@nytimes,A small lander from Japan's Hayabusa2 spacecraft has touched down on the Ryugu asteroid and it's starting to send b… https://t.co/YKnCQwWSZb,Thu Oct 04 07:15:04 +0000 2018,0.0,0.0,0.0,1.0,63
@nytimes,A statement issued by the White House around 2:30 a.m. ET said the FBI had completed its work. “With this additiona… https://t.co/4fgITDQ77q,Thu Oct 04 07:06:20 +0000 2018,0.0,0.0,0.0,1.0,64
@nytimes,"Melania Trump, the first lady who is known to shy away from the spotlight, embarked on her first major solo interna… https://t.co/4jo4NrRpDx",Thu Oct 04 07:00:08 +0000 2018,-0.25,0.0,0.087,0.913,65
@nytimes,RT @meslackman: Raw sewage leaking into tents where children sleep. Moldy food. No hope. This is how Europe is caring for thousands who fle…,Thu Oct 04 06:45:04 +0000 2018,0.5994,0.208,0.075,0.717,66
@nytimes,"China clearly would like to send a signal to rural American voters. Retaliatory tariffs — on things like whiskey, p… https://t.co/DjBoKtRiWy",Thu Oct 04 06:30:13 +0000 2018,0.7717,0.325,0.0,0.675,67
@nytimes,A federal judge blocked the Trump administration from ending special protections for immigrants from 4 countries de… https://t.co/MfTwiQJbTS,Thu Oct 04 06:18:35 +0000 2018,0.1531,0.144,0.112,0.745,68
@nytimes,Are bar fights a rite of passage? The Kavanaugh nomination has sparked an odd debate on social media. “It is sad th… https://t.co/uDPnzdziqR,Thu Oct 04 06:15:03 +0000 2018,-0.7964,0.0,0.299,0.701,69
@nytimes,The earthquake in Indonesia turned the ground into jelly in a deadly churn that eradicated landmarks and sent build… https://t.co/xz0tsLnal8,Thu Oct 04 06:06:04 +0000 2018,0.0,0.0,0.0,1.0,70
@nytimes,"RT @gabrieldance: Four ways Fred Trump made his children very, very rich: A brief thread. 1/5

https://t.co/cASblRNDAH",Thu Oct 04 06:00:04 +0000 2018,0.6335,0.218,0.0,0.782,71
@nytimes,"To some, Prospector Pete is an innocuous icon of the rugged 49ers who came to California looking for gold. For othe… https://t.co/MgL9UG7vBz",Thu Oct 04 05:45:03 +0000 2018,0.0,0.0,0.0,1.0,72
@nytimes,"For 18 years, tampons and pads were considered “luxury” goods and taxed as such in Australia. Now they are finally… https://t.co/MaAvK4OEYm",Thu Oct 04 05:30:04 +0000 2018,0.0,0.0,0.0,1.0,73
@nytimes,"When the New York Times photographer @adamjdean arrived in Palu, Indonesia, he found death and devastation at every… https://t.co/T1SQil6aBh",Thu Oct 04 05:22:06 +0000 2018,-0.7717,0.0,0.283,0.717,74
@nytimes,"For 7 months, a Syrian refugee has been posting to social media about his life stranded at a Malaysian airport. Thi… https://t.co/IDNhAtFLCY",Thu Oct 04 05:15:02 +0000 2018,0.0,0.0,0.0,1.0,75
@nytimes,Melania Trump looked more comfortable meeting with local leaders on the coast of Ghana than she has perhaps ever lo… https://t.co/8e1SY5SzaX,Thu Oct 04 05:02:07 +0000 2018,0.5563,0.152,0.0,0.848,76
@nytimes,7 law enforcement officers were shot — at least one fatally — in an extraordinary barrage of firepower after the au… https://t.co/Xh0hmeHcka,Thu Oct 04 04:47:04 +0000 2018,-0.6369,0.0,0.189,0.811,77
@nytimes,"Even Senator Lindsey Graham, Judge Kavanaugh’s most outspoken supporter, called President Trump’s attack on Dr. Chr… https://t.co/Nfs3xVcY5t",Thu Oct 04 04:32:05 +0000 2018,-0.1832,0.116,0.151,0.732,78
@nytimes,"RT @nytopinion: Judicial temperament is one of the most important qualities of a judge, write more than 650 law professors (and counting),…",Thu Oct 04 04:17:03 +0000 2018,0.2716,0.095,0.0,0.905,79
@nytimes,The cracks in African elephants’ skin help them keep cool and stay healthy. A new explanation for how those cracks… https://t.co/54DUHTisTd,Thu Oct 04 04:02:02 +0000 2018,0.7717,0.312,0.0,0.688,80
@nytimes,"Researchers at Johns Hopkins University have recommended that psilocybin, the compound found in hallucinogenic mush… https://t.co/KGCIP1I473",Thu Oct 04 03:47:03 +0000 2018,0.2023,0.107,0.0,0.893,81
@nytimes,Bring on the Red Sox. The Yankees beat the Athletics to advance to the next round of the playoffs. https://t.co/M5URwnDvQO,Thu Oct 04 03:40:05 +0000 2018,0.0,0.0,0.0,1.0,82
@nytimes,RT @NYTSports: Get ready for Yankees-Red Sox in the next round. The Yankees polished off the A's with a 7-2 wild-card win to advance to the…,Thu Oct 04 03:37:23 +0000 2018,0.743,0.215,0.0,0.785,83
@nytimes,"The 19 fall cookbooks @NYTFood is most excited about 
https://t.co/oPsV9tyMy6",Thu Oct 04 03:32:05 +0000 2018,0.4005,0.23,0.0,0.77,84
@nytimes,"RT @TylerKepner: The last time the Yankees played the Red Sox in the postseason, Gleyber Torres was 7 years old.",Thu Oct 04 03:30:13 +0000 2018,0.34,0.118,0.0,0.882,85
@nytimes,"RT @kchangnyt: A new solar system discovery points to a ninth planet. (No, not Pluto). https://t.co/8JwBYSabzk",Thu Oct 04 03:17:00 +0000 2018,0.0,0.0,0.0,1.0,86
@nytimes,The FBI arrested a man suspected of sending envelopes thought to contain the deadly poison ricin to the Pentagon. T… https://t.co/ItOfxjnp8t,Thu Oct 04 03:02:05 +0000 2018,-0.8176,0.0,0.333,0.667,87
@nytimes,Americans used to vote at much higher rates — sometimes above 80%. Why did that change? https://t.co/EY2Qnr90zx,Thu Oct 04 02:47:02 +0000 2018,0.0,0.0,0.0,1.0,88
@nytimes,"RT @alanblinder: Seven law enforcement officers were shot, at least one fatally, on Wednesday in South Carolina. A top lawmaker says the su…",Thu Oct 04 02:41:56 +0000 2018,-0.5267,0.069,0.162,0.769,89
@nytimes,Heart patients had every reason to be excited about these powerful new cholesterol drugs. Until they found they cou… https://t.co/geHDOt0WDK,Thu Oct 04 02:32:05 +0000 2018,0.6369,0.224,0.0,0.776,90
@nytimes,RT @GlennThrush: The top federal official responsible for enforcing fair lending laws has a 14-year history of racially charged comments ab…,Thu Oct 04 02:22:05 +0000 2018,0.5574,0.264,0.074,0.661,91
@nytimes,"Teachers are suing Navient, saying the student loan servicer fouled up their attempts to get into a loan forgivenes… https://t.co/PyOpETqtp9",Thu Oct 04 02:12:03 +0000 2018,-0.2732,0.0,0.104,0.896,92
@nytimes,"“I, too, was sexually assaulted”: Connie Chung, the veteran TV news anchor, voiced her support for Dr. Christine Bl… https://t.co/uQaZjJb2yc",Thu Oct 04 02:02:03 +0000 2018,0.4019,0.124,0.0,0.876,93
@nytimes,"This is the story of an elephant named Happy, who has been living alone at the zoo for the past 12 years. Now a new… https://t.co/iBUZ4yUOQh",Thu Oct 04 01:47:05 +0000 2018,0.4019,0.129,0.07,0.801,94
@nytimes,"The NYT movie review of ""A Star Is Born"" https://t.co/yHKwQmMI0t",Thu Oct 04 01:36:04 +0000 2018,0.0,0.0,0.0,1.0,95
@nytimes,"RT @adamjdean: Buildings destroyed by the earthquake in the Balaroa neighbourhood of #palu, Indonesia. More pics online: https://t.co/4gHgT…",Thu Oct 04 01:27:35 +0000 2018,-0.4939,0.0,0.158,0.842,96
@nytimes,Get our On Politics newsletter delivered to your inbox. Sign up here: https://t.co/z8lYREKk4h,Thu Oct 04 01:26:00 +0000 2018,0.0,0.0,0.0,1.0,97
@nytimes,In our On Politics newsletter: The most out-there theories of 2018; texting about our new texting project; and a ru… https://t.co/wXnAEtXp6r,Thu Oct 04 01:22:03 +0000 2018,0.0,0.0,0.0,1.0,98
@nytimes,RT @jmartNYT: Cruzmentum: New GOP track has @tedcruz pulling into eight-point lead after Kavanaugh hearings and sustained attacks on @BetoO…,Thu Oct 04 01:11:02 +0000 2018,-0.4404,0.0,0.132,0.868,99
@nytimes,Evening Briefing: Here's what you need to know at the end of the day https://t.co/1ylPGJSwi1,Thu Oct 04 01:01:06 +0000 2018,0.0,0.0,0.0,1.0,100
